[{"model": "auth.permission", "pk": 1, "fields": {"name": "Can add log entry", "content_type": 1, "codename": "add_logentry"}}, {"model": "auth.permission", "pk": 2, "fields": {"name": "Can change log entry", "content_type": 1, "codename": "change_logentry"}}, {"model": "auth.permission", "pk": 3, "fields": {"name": "Can delete log entry", "content_type": 1, "codename": "delete_logentry"}}, {"model": "auth.permission", "pk": 4, "fields": {"name": "Can view log entry", "content_type": 1, "codename": "view_logentry"}}, {"model": "auth.permission", "pk": 5, "fields": {"name": "Can add permission", "content_type": 2, "codename": "add_permission"}}, {"model": "auth.permission", "pk": 6, "fields": {"name": "Can change permission", "content_type": 2, "codename": "change_permission"}}, {"model": "auth.permission", "pk": 7, "fields": {"name": "Can delete permission", "content_type": 2, "codename": "delete_permission"}}, {"model": "auth.permission", "pk": 8, "fields": {"name": "Can view permission", "content_type": 2, "codename": "view_permission"}}, {"model": "auth.permission", "pk": 9, "fields": {"name": "Can add group", "content_type": 3, "codename": "add_group"}}, {"model": "auth.permission", "pk": 10, "fields": {"name": "Can change group", "content_type": 3, "codename": "change_group"}}, {"model": "auth.permission", "pk": 11, "fields": {"name": "Can delete group", "content_type": 3, "codename": "delete_group"}}, {"model": "auth.permission", "pk": 12, "fields": {"name": "Can view group", "content_type": 3, "codename": "view_group"}}, {"model": "auth.permission", "pk": 13, "fields": {"name": "Can add content type", "content_type": 4, "codename": "add_contenttype"}}, {"model": "auth.permission", "pk": 14, "fields": {"name": "Can change content type", "content_type": 4, "codename": "change_contenttype"}}, {"model": "auth.permission", "pk": 15, "fields": {"name": "Can delete content type", "content_type": 4, "codename": "delete_contenttype"}}, {"model": "auth.permission", "pk": 16, "fields": {"name": "Can view content type", "content_type": 4, "codename": "view_contenttype"}}, {"model": "auth.permission", "pk": 17, "fields": {"name": "Can add session", "content_type": 5, "codename": "add_session"}}, {"model": "auth.permission", "pk": 18, "fields": {"name": "Can change session", "content_type": 5, "codename": "change_session"}}, {"model": "auth.permission", "pk": 19, "fields": {"name": "Can delete session", "content_type": 5, "codename": "delete_session"}}, {"model": "auth.permission", "pk": 20, "fields": {"name": "Can view session", "content_type": 5, "codename": "view_session"}}, {"model": "auth.permission", "pk": 21, "fields": {"name": "Can add expense purpose", "content_type": 6, "codename": "add_expensepurpose"}}, {"model": "auth.permission", "pk": 22, "fields": {"name": "Can change expense purpose", "content_type": 6, "codename": "change_expensepurpose"}}, {"model": "auth.permission", "pk": 23, "fields": {"name": "Can delete expense purpose", "content_type": 6, "codename": "delete_expensepurpose"}}, {"model": "auth.permission", "pk": 24, "fields": {"name": "Can view expense purpose", "content_type": 6, "codename": "view_expensepurpose"}}, {"model": "auth.permission", "pk": 25, "fields": {"name": "Can add income source", "content_type": 7, "codename": "add_incomesource"}}, {"model": "auth.permission", "pk": 26, "fields": {"name": "Can change income source", "content_type": 7, "codename": "change_incomesource"}}, {"model": "auth.permission", "pk": 27, "fields": {"name": "Can delete income source", "content_type": 7, "codename": "delete_incomesource"}}, {"model": "auth.permission", "pk": 28, "fields": {"name": "Can view income source", "content_type": 7, "codename": "view_incomesource"}}, {"model": "auth.permission", "pk": 29, "fields": {"name": "Can add member account", "content_type": 8, "codename": "add_memberaccount"}}, {"model": "auth.permission", "pk": 30, "fields": {"name": "Can change member account", "content_type": 8, "codename": "change_memberaccount"}}, {"model": "auth.permission", "pk": 31, "fields": {"name": "Can delete member account", "content_type": 8, "codename": "delete_memberaccount"}}, {"model": "auth.permission", "pk": 32, "fields": {"name": "Can view member account", "content_type": 8, "codename": "view_memberaccount"}}, {"model": "auth.permission", "pk": 33, "fields": {"name": "Can add user", "content_type": 9, "codename": "add_user"}}, {"model": "auth.permission", "pk": 34, "fields": {"name": "Can change user", "content_type": 9, "codename": "change_user"}}, {"model": "auth.permission", "pk": 35, "fields": {"name": "Can delete user", "content_type": 9, "codename": "delete_user"}}, {"model": "auth.permission", "pk": 36, "fields": {"name": "Can view user", "content_type": 9, "codename": "view_user"}}, {"model": "auth.permission", "pk": 37, "fields": {"name": "Can add account status history", "content_type": 10, "codename": "add_accountstatushistory"}}, {"model": "auth.permission", "pk": 38, "fields": {"name": "Can change account status history", "content_type": 10, "codename": "change_accountstatushistory"}}, {"model": "auth.permission", "pk": 39, "fields": {"name": "Can delete account status history", "content_type": 10, "codename": "delete_accountstatushistory"}}, {"model": "auth.permission", "pk": 40, "fields": {"name": "Can view account status history", "content_type": 10, "codename": "view_accountstatushistory"}}, {"model": "auth.permission", "pk": 41, "fields": {"name": "Can add members profile", "content_type": 11, "codename": "add_membersprofile"}}, {"model": "auth.permission", "pk": 42, "fields": {"name": "Can change members profile", "content_type": 11, "codename": "change_membersprofile"}}, {"model": "auth.permission", "pk": 43, "fields": {"name": "Can delete members profile", "content_type": 11, "codename": "delete_membersprofile"}}, {"model": "auth.permission", "pk": 44, "fields": {"name": "Can view members profile", "content_type": 11, "codename": "view_membersprofile"}}, {"model": "auth.permission", "pk": 45, "fields": {"name": "Can add sj p2_ profile", "content_type": 12, "codename": "add_sjp2_profile"}}, {"model": "auth.permission", "pk": 46, "fields": {"name": "Can change sj p2_ profile", "content_type": 12, "codename": "change_sjp2_profile"}}, {"model": "auth.permission", "pk": 47, "fields": {"name": "Can delete sj p2_ profile", "content_type": 12, "codename": "delete_sjp2_profile"}}, {"model": "auth.permission", "pk": 48, "fields": {"name": "Can view sj p2_ profile", "content_type": 12, "codename": "view_sjp2_profile"}}, {"model": "auth.permission", "pk": 49, "fields": {"name": "Can add sj p2_ account", "content_type": 13, "codename": "add_sjp2_account"}}, {"model": "auth.permission", "pk": 50, "fields": {"name": "Can change sj p2_ account", "content_type": 13, "codename": "change_sjp2_account"}}, {"model": "auth.permission", "pk": 51, "fields": {"name": "Can delete sj p2_ account", "content_type": 13, "codename": "delete_sjp2_account"}}, {"model": "auth.permission", "pk": 52, "fields": {"name": "Can view sj p2_ account", "content_type": 13, "codename": "view_sjp2_account"}}, {"model": "auth.permission", "pk": 53, "fields": {"name": "Can add account status snapshot", "content_type": 14, "codename": "add_accountstatussnapshot"}}, {"model": "auth.permission", "pk": 54, "fields": {"name": "Can change account status snapshot", "content_type": 14, "codename": "change_accountstatussnapshot"}}, {"model": "auth.permission", "pk": 55, "fields": {"name": "Can delete account status snapshot", "content_type": 14, "codename": "delete_accountstatussnapshot"}}, {"model": "auth.permission", "pk": 56, "fields": {"name": "Can view account status snapshot", "content_type": 14, "codename": "view_accountstatussnapshot"}}, {"model": "auth.permission", "pk": 57, "fields": {"name": "Can add role", "content_type": 15, "codename": "add_role"}}, {"model": "auth.permission", "pk": 58, "fields": {"name": "Can change role", "content_type": 15, "codename": "change_role"}}, {"model": "auth.permission", "pk": 59, "fields": {"name": "Can delete role", "content_type": 15, "codename": "delete_role"}}, {"model": "auth.permission", "pk": 60, "fields": {"name": "Can view role", "content_type": 15, "codename": "view_role"}}, {"model": "auth.permission", "pk": 61, "fields": {"name": "Can add deposit due transaction", "content_type": 16, "codename": "add_depositduetransaction"}}, {"model": "auth.permission", "pk": 62, "fields": {"name": "Can change deposit due transaction", "content_type": 16, "codename": "change_depositduetransaction"}}, {"model": "auth.permission", "pk": 63, "fields": {"name": "Can delete deposit due transaction", "content_type": 16, "codename": "delete_depositduetransaction"}}, {"model": "auth.permission", "pk": 64, "fields": {"name": "Can view deposit due transaction", "content_type": 16, "codename": "view_depositduetransaction"}}, {"model": "auth.permission", "pk": 65, "fields": {"name": "Can add deposit transaction", "content_type": 17, "codename": "add_deposittransaction"}}, {"model": "auth.permission", "pk": 66, "fields": {"name": "Can change deposit transaction", "content_type": 17, "codename": "change_deposittransaction"}}, {"model": "auth.permission", "pk": 67, "fields": {"name": "Can delete deposit transaction", "content_type": 17, "codename": "delete_deposittransaction"}}, {"model": "auth.permission", "pk": 68, "fields": {"name": "Can view deposit transaction", "content_type": 17, "codename": "view_deposittransaction"}}, {"model": "auth.permission", "pk": 69, "fields": {"name": "Can add sj p2 transaction", "content_type": 18, "codename": "add_sjp2transaction"}}, {"model": "auth.permission", "pk": 70, "fields": {"name": "Can change sj p2 transaction", "content_type": 18, "codename": "change_sjp2transaction"}}, {"model": "auth.permission", "pk": 71, "fields": {"name": "Can delete sj p2 transaction", "content_type": 18, "codename": "delete_sjp2transaction"}}, {"model": "auth.permission", "pk": 72, "fields": {"name": "Can view sj p2 transaction", "content_type": 18, "codename": "view_sjp2transaction"}}, {"model": "auth.permission", "pk": 73, "fields": {"name": "Can add transfer transaction", "content_type": 19, "codename": "add_transfertransaction"}}, {"model": "auth.permission", "pk": 74, "fields": {"name": "Can change transfer transaction", "content_type": 19, "codename": "change_transfertransaction"}}, {"model": "auth.permission", "pk": 75, "fields": {"name": "Can delete transfer transaction", "content_type": 19, "codename": "delete_transfertransaction"}}, {"model": "auth.permission", "pk": 76, "fields": {"name": "Can view transfer transaction", "content_type": 19, "codename": "view_transfertransaction"}}, {"model": "auth.permission", "pk": 77, "fields": {"name": "Can add withdrawal transaction", "content_type": 20, "codename": "add_withdrawaltransaction"}}, {"model": "auth.permission", "pk": 78, "fields": {"name": "Can change withdrawal transaction", "content_type": 20, "codename": "change_withdrawaltransaction"}}, {"model": "auth.permission", "pk": 79, "fields": {"name": "Can delete withdrawal transaction", "content_type": 20, "codename": "delete_withdrawaltransaction"}}, {"model": "auth.permission", "pk": 80, "fields": {"name": "Can view withdrawal transaction", "content_type": 20, "codename": "view_withdrawaltransaction"}}, {"model": "auth.permission", "pk": 81, "fields": {"name": "Can add loan", "content_type": 21, "codename": "add_loan"}}, {"model": "auth.permission", "pk": 82, "fields": {"name": "Can change loan", "content_type": 21, "codename": "change_loan"}}, {"model": "auth.permission", "pk": 83, "fields": {"name": "Can delete loan", "content_type": 21, "codename": "delete_loan"}}, {"model": "auth.permission", "pk": 84, "fields": {"name": "Can view loan", "content_type": 21, "codename": "view_loan"}}, {"model": "auth.permission", "pk": 85, "fields": {"name": "Can add loan payment", "content_type": 22, "codename": "add_loanpayment"}}, {"model": "auth.permission", "pk": 86, "fields": {"name": "Can change loan payment", "content_type": 22, "codename": "change_loanpayment"}}, {"model": "auth.permission", "pk": 87, "fields": {"name": "Can delete loan payment", "content_type": 22, "codename": "delete_loanpayment"}}, {"model": "auth.permission", "pk": 88, "fields": {"name": "Can view loan payment", "content_type": 22, "codename": "view_loanpayment"}}, {"model": "auth.permission", "pk": 89, "fields": {"name": "Can add audit log", "content_type": 23, "codename": "add_auditlog"}}, {"model": "auth.permission", "pk": 90, "fields": {"name": "Can change audit log", "content_type": 23, "codename": "change_auditlog"}}, {"model": "auth.permission", "pk": 91, "fields": {"name": "Can delete audit log", "content_type": 23, "codename": "delete_auditlog"}}, {"model": "auth.permission", "pk": 92, "fields": {"name": "Can view audit log", "content_type": 23, "codename": "view_auditlog"}}, {"model": "auth.permission", "pk": 93, "fields": {"name": "Can add peer borrowing status", "content_type": 24, "codename": "add_peerborrowingstatus"}}, {"model": "auth.permission", "pk": 94, "fields": {"name": "Can change peer borrowing status", "content_type": 24, "codename": "change_peerborrowingstatus"}}, {"model": "auth.permission", "pk": 95, "fields": {"name": "Can delete peer borrowing status", "content_type": 24, "codename": "delete_peerborrowingstatus"}}, {"model": "auth.permission", "pk": 96, "fields": {"name": "Can view peer borrowing status", "content_type": 24, "codename": "view_peerborrowingstatus"}}, {"model": "auth.permission", "pk": 97, "fields": {"name": "Can add peer lending status", "content_type": 25, "codename": "add_peerlendingstatus"}}, {"model": "auth.permission", "pk": 98, "fields": {"name": "Can change peer lending status", "content_type": 25, "codename": "change_peerlendingstatus"}}, {"model": "auth.permission", "pk": 99, "fields": {"name": "Can delete peer lending status", "content_type": 25, "codename": "delete_peerlendingstatus"}}, {"model": "auth.permission", "pk": 100, "fields": {"name": "Can view peer lending status", "content_type": 25, "codename": "view_peerlendingstatus"}}, {"model": "auth.permission", "pk": 101, "fields": {"name": "Can add peer to peer loan", "content_type": 26, "codename": "add_peertopeerloan"}}, {"model": "auth.permission", "pk": 102, "fields": {"name": "Can change peer to peer loan", "content_type": 26, "codename": "change_peertopeerloan"}}, {"model": "auth.permission", "pk": 103, "fields": {"name": "Can delete peer to peer loan", "content_type": 26, "codename": "delete_peertopeerloan"}}, {"model": "auth.permission", "pk": 104, "fields": {"name": "Can view peer to peer loan", "content_type": 26, "codename": "view_peertopeerloan"}}, {"model": "auth.permission", "pk": 105, "fields": {"name": "Can add peer loan repayment", "content_type": 27, "codename": "add_peerloanrepayment"}}, {"model": "auth.permission", "pk": 106, "fields": {"name": "Can change peer loan repayment", "content_type": 27, "codename": "change_peerloanrepayment"}}, {"model": "auth.permission", "pk": 107, "fields": {"name": "Can delete peer loan repayment", "content_type": 27, "codename": "delete_peerloanrepayment"}}, {"model": "auth.permission", "pk": 108, "fields": {"name": "Can view peer loan repayment", "content_type": 27, "codename": "view_peerloanrepayment"}}, {"model": "auth.permission", "pk": 109, "fields": {"name": "Can add share decrease", "content_type": 28, "codename": "add_sharedecrease"}}, {"model": "auth.permission", "pk": 110, "fields": {"name": "Can change share decrease", "content_type": 28, "codename": "change_sharedecrease"}}, {"model": "auth.permission", "pk": 111, "fields": {"name": "Can delete share decrease", "content_type": 28, "codename": "delete_sharedecrease"}}, {"model": "auth.permission", "pk": 112, "fields": {"name": "Can view share decrease", "content_type": 28, "codename": "view_sharedecrease"}}, {"model": "auth.permission", "pk": 113, "fields": {"name": "Can add share increase", "content_type": 29, "codename": "add_shareincrease"}}, {"model": "auth.permission", "pk": 114, "fields": {"name": "Can change share increase", "content_type": 29, "codename": "change_shareincrease"}}, {"model": "auth.permission", "pk": 115, "fields": {"name": "Can delete share increase", "content_type": 29, "codename": "delete_shareincrease"}}, {"model": "auth.permission", "pk": 116, "fields": {"name": "Can view share increase", "content_type": 29, "codename": "view_shareincrease"}}, {"model": "auth.permission", "pk": 117, "fields": {"name": "Can add annual profit distribution", "content_type": 30, "codename": "add_annualprofitdistribution"}}, {"model": "auth.permission", "pk": 118, "fields": {"name": "Can change annual profit distribution", "content_type": 30, "codename": "change_annualprofitdistribution"}}, {"model": "auth.permission", "pk": 119, "fields": {"name": "Can delete annual profit distribution", "content_type": 30, "codename": "delete_annualprofitdistribution"}}, {"model": "auth.permission", "pk": 120, "fields": {"name": "Can view annual profit distribution", "content_type": 30, "codename": "view_annualprofitdistribution"}}, {"model": "auth.permission", "pk": 121, "fields": {"name": "Can add annual member share", "content_type": 31, "codename": "add_annualmembershare"}}, {"model": "auth.permission", "pk": 122, "fields": {"name": "Can change annual member share", "content_type": 31, "codename": "change_annualmembershare"}}, {"model": "auth.permission", "pk": 123, "fields": {"name": "Can delete annual member share", "content_type": 31, "codename": "delete_annualmembershare"}}, {"model": "auth.permission", "pk": 124, "fields": {"name": "Can view annual member share", "content_type": 31, "codename": "view_annualmembershare"}}, {"model": "auth.permission", "pk": 125, "fields": {"name": "Can add meeting", "content_type": 32, "codename": "add_meeting"}}, {"model": "auth.permission", "pk": 126, "fields": {"name": "Can change meeting", "content_type": 32, "codename": "change_meeting"}}, {"model": "auth.permission", "pk": 127, "fields": {"name": "Can delete meeting", "content_type": 32, "codename": "delete_meeting"}}, {"model": "auth.permission", "pk": 128, "fields": {"name": "Can view meeting", "content_type": 32, "codename": "view_meeting"}}, {"model": "auth.permission", "pk": 129, "fields": {"name": "Can add meeting attendance", "content_type": 33, "codename": "add_meetingattendance"}}, {"model": "auth.permission", "pk": 130, "fields": {"name": "Can change meeting attendance", "content_type": 33, "codename": "change_meetingattendance"}}, {"model": "auth.permission", "pk": 131, "fields": {"name": "Can delete meeting attendance", "content_type": 33, "codename": "delete_meetingattendance"}}, {"model": "auth.permission", "pk": 132, "fields": {"name": "Can view meeting attendance", "content_type": 33, "codename": "view_meetingattendance"}}, {"model": "auth.permission", "pk": 133, "fields": {"name": "Can add meeting decision", "content_type": 34, "codename": "add_meetingdecision"}}, {"model": "auth.permission", "pk": 134, "fields": {"name": "Can change meeting decision", "content_type": 34, "codename": "change_meetingdecision"}}, {"model": "auth.permission", "pk": 135, "fields": {"name": "Can delete meeting decision", "content_type": 34, "codename": "delete_meetingdecision"}}, {"model": "auth.permission", "pk": 136, "fields": {"name": "Can view meeting decision", "content_type": 34, "codename": "view_meetingdecision"}}, {"model": "auth.permission", "pk": 137, "fields": {"name": "Can add account statement", "content_type": 35, "codename": "add_accountstatement"}}, {"model": "auth.permission", "pk": 138, "fields": {"name": "Can change account statement", "content_type": 35, "codename": "change_accountstatement"}}, {"model": "auth.permission", "pk": 139, "fields": {"name": "Can delete account statement", "content_type": 35, "codename": "delete_accountstatement"}}, {"model": "auth.permission", "pk": 140, "fields": {"name": "Can view account statement", "content_type": 35, "codename": "view_accountstatement"}}, {"model": "auth.permission", "pk": 141, "fields": {"name": "Can add system account statement", "content_type": 36, "codename": "add_systemaccountstatement"}}, {"model": "auth.permission", "pk": 142, "fields": {"name": "Can change system account statement", "content_type": 36, "codename": "change_systemaccountstatement"}}, {"model": "auth.permission", "pk": 143, "fields": {"name": "Can delete system account statement", "content_type": 36, "codename": "delete_systemaccountstatement"}}, {"model": "auth.permission", "pk": 144, "fields": {"name": "Can view system account statement", "content_type": 36, "codename": "view_systemaccountstatement"}}, {"model": "auth.permission", "pk": 145, "fields": {"name": "Can add election", "content_type": 37, "codename": "add_election"}}, {"model": "auth.permission", "pk": 146, "fields": {"name": "Can change election", "content_type": 37, "codename": "change_election"}}, {"model": "auth.permission", "pk": 147, "fields": {"name": "Can delete election", "content_type": 37, "codename": "delete_election"}}, {"model": "auth.permission", "pk": 148, "fields": {"name": "Can view election", "content_type": 37, "codename": "view_election"}}, {"model": "auth.permission", "pk": 149, "fields": {"name": "Can add leadership term", "content_type": 38, "codename": "add_leadershipterm"}}, {"model": "auth.permission", "pk": 150, "fields": {"name": "Can change leadership term", "content_type": 38, "codename": "change_leadershipterm"}}, {"model": "auth.permission", "pk": 151, "fields": {"name": "Can delete leadership term", "content_type": 38, "codename": "delete_leadershipterm"}}, {"model": "auth.permission", "pk": 152, "fields": {"name": "Can view leadership term", "content_type": 38, "codename": "view_leadershipterm"}}, {"model": "auth.permission", "pk": 153, "fields": {"name": "Can add yearly interest pool", "content_type": 39, "codename": "add_yearlyinterestpool"}}, {"model": "auth.permission", "pk": 154, "fields": {"name": "Can change yearly interest pool", "content_type": 39, "codename": "change_yearlyinterestpool"}}, {"model": "auth.permission", "pk": 155, "fields": {"name": "Can delete yearly interest pool", "content_type": 39, "codename": "delete_yearlyinterestpool"}}, {"model": "auth.permission", "pk": 156, "fields": {"name": "Can view yearly interest pool", "content_type": 39, "codename": "view_yearlyinterestpool"}}, {"model": "auth.permission", "pk": 157, "fields": {"name": "Can add member interest share", "content_type": 40, "codename": "add_memberinterestshare"}}, {"model": "auth.permission", "pk": 158, "fields": {"name": "Can change member interest share", "content_type": 40, "codename": "change_memberinterestshare"}}, {"model": "auth.permission", "pk": 159, "fields": {"name": "Can delete member interest share", "content_type": 40, "codename": "delete_memberinterestshare"}}, {"model": "auth.permission", "pk": 160, "fields": {"name": "Can view member interest share", "content_type": 40, "codename": "view_memberinterestshare"}}, {"model": "contenttypes.contenttype", "pk": 1, "fields": {"app_label": "admin", "model": "logentry"}}, {"model": "contenttypes.contenttype", "pk": 2, "fields": {"app_label": "auth", "model": "permission"}}, {"model": "contenttypes.contenttype", "pk": 3, "fields": {"app_label": "auth", "model": "group"}}, {"model": "contenttypes.contenttype", "pk": 4, "fields": {"app_label": "contenttypes", "model": "contenttype"}}, {"model": "contenttypes.contenttype", "pk": 5, "fields": {"app_label": "sessions", "model": "session"}}, {"model": "contenttypes.contenttype", "pk": 6, "fields": {"app_label": "accounts", "model": "expensepurpose"}}, {"model": "contenttypes.contenttype", "pk": 7, "fields": {"app_label": "accounts", "model": "incomesource"}}, {"model": "contenttypes.contenttype", "pk": 8, "fields": {"app_label": "accounts", "model": "memberaccount"}}, {"model": "contenttypes.contenttype", "pk": 9, "fields": {"app_label": "accounts", "model": "user"}}, {"model": "contenttypes.contenttype", "pk": 10, "fields": {"app_label": "accounts", "model": "accountstatushistory"}}, {"model": "contenttypes.contenttype", "pk": 11, "fields": {"app_label": "accounts", "model": "membersprofile"}}, {"model": "contenttypes.contenttype", "pk": 12, "fields": {"app_label": "accounts", "model": "sjp2_profile"}}, {"model": "contenttypes.contenttype", "pk": 13, "fields": {"app_label": "accounts", "model": "sjp2_account"}}, {"model": "contenttypes.contenttype", "pk": 14, "fields": {"app_label": "accounts", "model": "accountstatussnapshot"}}, {"model": "contenttypes.contenttype", "pk": 15, "fields": {"app_label": "accounts", "model": "role"}}, {"model": "contenttypes.contenttype", "pk": 16, "fields": {"app_label": "transact1_regular_deposit", "model": "depositduetransaction"}}, {"model": "contenttypes.contenttype", "pk": 17, "fields": {"app_label": "transact1_regular_deposit", "model": "deposittransaction"}}, {"model": "contenttypes.contenttype", "pk": 18, "fields": {"app_label": "transact1_regular_deposit", "model": "sjp2transaction"}}, {"model": "contenttypes.contenttype", "pk": 19, "fields": {"app_label": "transact1_regular_deposit", "model": "transfertransaction"}}, {"model": "contenttypes.contenttype", "pk": 20, "fields": {"app_label": "transact1_regular_deposit", "model": "withdrawaltransaction"}}, {"model": "contenttypes.contenttype", "pk": 21, "fields": {"app_label": "transact2_loans", "model": "loan"}}, {"model": "contenttypes.contenttype", "pk": 22, "fields": {"app_label": "transact2_loans", "model": "loanpayment"}}, {"model": "contenttypes.contenttype", "pk": 23, "fields": {"app_label": "transact2_loans", "model": "auditlog"}}, {"model": "contenttypes.contenttype", "pk": 24, "fields": {"app_label": "transact3_lending", "model": "peerborrowingstatus"}}, {"model": "contenttypes.contenttype", "pk": 25, "fields": {"app_label": "transact3_lending", "model": "peerlendingstatus"}}, {"model": "contenttypes.contenttype", "pk": 26, "fields": {"app_label": "transact3_lending", "model": "peertopeerloan"}}, {"model": "contenttypes.contenttype", "pk": 27, "fields": {"app_label": "transact3_lending", "model": "peerloanrepayment"}}, {"model": "contenttypes.contenttype", "pk": 28, "fields": {"app_label": "transact4_share_mngt", "model": "sharedecrease"}}, {"model": "contenttypes.contenttype", "pk": 29, "fields": {"app_label": "transact4_share_mngt", "model": "shareincrease"}}, {"model": "contenttypes.contenttype", "pk": 30, "fields": {"app_label": "transact5_share_distrib", "model": "annualprofitdistribution"}}, {"model": "contenttypes.contenttype", "pk": 31, "fields": {"app_label": "transact5_share_distrib", "model": "annualmembershare"}}, {"model": "contenttypes.contenttype", "pk": 32, "fields": {"app_label": "meeting_Mngt", "model": "meeting"}}, {"model": "contenttypes.contenttype", "pk": 33, "fields": {"app_label": "meeting_Mngt", "model": "meetingattendance"}}, {"model": "contenttypes.contenttype", "pk": 34, "fields": {"app_label": "meeting_Mngt", "model": "meetingdecision"}}, {"model": "contenttypes.contenttype", "pk": 35, "fields": {"app_label": "ledger", "model": "accountstatement"}}, {"model": "contenttypes.contenttype", "pk": 36, "fields": {"app_label": "ledger", "model": "systemaccountstatement"}}, {"model": "contenttypes.contenttype", "pk": 37, "fields": {"app_label": "governance", "model": "election"}}, {"model": "contenttypes.contenttype", "pk": 38, "fields": {"app_label": "governance", "model": "leadershipterm"}}, {"model": "contenttypes.contenttype", "pk": 39, "fields": {"app_label": "transact5_share_distrib", "model": "yearlyinterestpool"}}, {"model": "contenttypes.contenttype", "pk": 40, "fields": {"app_label": "transact5_share_distrib", "model": "memberinterestshare"}}, {"model": "sessions.session", "pk": "99s99f3fpkic2j0lvluqmtbyudaeusjp", "fields": {"session_data": ".eJxVj8sKwjAURP8laylpmodxp2h3xYXuw01ytdXaQpIKIv67KXTT7ZyZA_Ml4FL3RvMaPZIduVz3dW2a8_FENsTAlFozRQym8xmydWbBPXGYgX_AcB8LNw4pdLaYK8VCY9Fkc39YuitBC7HNa8e1RA6SlRat0lrIm1CCWtCeMqc4cK8qVikqS7XlUIIDQGEr8OgFA5qly4kw9vOJiC5ggvAhvz_7Zkmk:1wKUF2:cLPnUU80ecY_LqXzT9vpt_m1GC7Fb2dQrPQxmk_a1Fw", "expire_date": "2026-05-20T04:52:12.316Z"}}, {"model": "accounts.role", "pk": 1, "fields": {"name": "manager", "description": "Manager"}}, {"model": "accounts.role", "pk": 2, "fields": {"name": "auditor", "description": "Auditor"}}, {"model": "accounts.role", "pk": 4, "fields": {"name": "officer", "description": "Officer"}}, {"model": "accounts.role", "pk": 5, "fields": {"name": "verifier", "description": "Verifier"}}, {"model": "accounts.role", "pk": 6, "fields": {"name": "secretary", "description": "Secretary"}}, {"model": "accounts.role", "pk": 7, "fields": {"name": "itadmin", "description": "IT Admin"}}, {"model": "accounts.role", "pk": 8, "fields": {"name": "ordinary_member", "description": "Customer"}}, {"model": "accounts.user", "pk": 1, "fields": {"password": "pbkdf2_sha256$1000000$3nfMCYjEc2rVc2SVloHp3A$jPZe4eVipdV3V8EklIDlmzuPqNljQsToWqiDGr2fzRk=", "last_login": "2026-04-26T20:55:10.283Z", "is_superuser": false, "username": "Kalpe", "first_name": "Calpe", "last_name": "Nkika", "email": "calpe@gmail.com", "is_staff": false, "is_active": true, "date_joined": "2026-04-26T05:09:30.797Z", "telephone": "+250788888810", "groups": [], "user_permissions": [], "roles": [4, 7]}}, {"model": "accounts.user", "pk": 2, "fields": {"password": "pbkdf2_sha256$1000000$DcL0PbJhYINiwfEwAY9n1G$8vOb/DU9ZtySVzlJ1C2M04JdaNS1qzssogzOfZtfWbs=", "last_login": "2026-05-06T04:18:51.316Z", "is_superuser": false, "username": "Armanda", "first_name": "mamaArmand", "last_name": "MmeFidele", "email": "mag@gmail.com", "is_staff": false, "is_active": true, "date_joined": "2026-04-26T20:06:46.091Z", "telephone": "+250788888811", "groups": [], "user_permissions": [], "roles": [6, 8]}}, {"model": "accounts.user", "pk": 3, "fields": {"password": "pbkdf2_sha256$1000000$g30s948UeThLcwVdUaUHG5$CpINuzAtiISbp/TPsMD3wS+oFlWpAFKgBoNYYuol4vg=", "last_login": "2026-05-05T20:26:58.236Z", "is_superuser": false, "username": "KalpoT", "first_name": "calpeTech", "last_name": "Nkika", "email": "calpeok@gamil.com", "is_staff": false, "is_active": true, "date_joined": "2026-04-26T20:12:12.968Z", "telephone": "+250788624565", "groups": [], "user_permissions": [], "roles": [7, 8]}}, {"model": "accounts.user", "pk": 4, "fields": {"password": "pbkdf2_sha256$1000000$x1aQXyYSQWm5U27DmZw5UR$ptUxixd7XX03nRlxJWGOtSDhAMmyxUsvgnekHwGEvOc=", "last_login": "2026-05-05T06:27:04.508Z", "is_superuser": false, "username": "gygy", "first_name": "gustava", "last_name": "NTAKIYE", "email": "Ntaki@yahoo.fr", "is_staff": false, "is_active": true, "date_joined": "2026-04-26T20:28:57.279Z", "telephone": "+250788888888", "groups": [], "user_permissions": [], "roles": [1, 8]}}, {"model": "accounts.user", "pk": 5, "fields": {"password": "pbkdf2_sha256$1000000$wVZolYFoSDU77Jy0EKvmt6$lNHd27A37pPYiVJrNrM+ElHXyVWAO1gJK5LK61YtPIY=", "last_login": "2026-05-05T20:11:53.238Z", "is_superuser": false, "username": "Eugeni", "first_name": "Eugenia", "last_name": "MamaMagnie", "email": "Ntaki@yahoo.fr", "is_staff": false, "is_active": true, "date_joined": "2026-04-26T20:31:41.432Z", "telephone": "+250788888888", "groups": [], "user_permissions": [], "roles": [4, 8]}}, {"model": "accounts.user", "pk": 6, "fields": {"password": "pbkdf2_sha256$1000000$8gscrxFnxgv5KJy4ehDhVo$iL+mQ5p1U/YUtlC32qh077jZP5xqHGirLvLx0B5pgXY=", "last_login": "2026-05-01T07:53:11.636Z", "is_superuser": false, "username": "kayit", "first_name": "kayitesi", "last_name": "MamaPacis", "email": "kayit@yahoo.fr", "is_staff": false, "is_active": true, "date_joined": "2026-04-26T20:34:46.118Z", "telephone": "+250788888878", "groups": [], "user_permissions": [], "roles": [8]}}, {"model": "accounts.user", "pk": 7, "fields": {"password": "pbkdf2_sha256$1000000$t35Fp4r2nnte6oWhxcqEvm$DIpuGVGgd4gvF+EcFHAZvMASAnjXhJ3X+4rfD7YPMow=", "last_login": null, "is_superuser": false, "username": "Muhorak", "first_name": "MamaLwi", "last_name": "Muhorakey", "email": "fab@gmail.com", "is_staff": false, "is_active": true, "date_joined": "2026-04-27T18:45:25.751Z", "telephone": "+250788888808", "groups": [], "user_permissions": [], "roles": [6, 8]}}, {"model": "accounts.membersprofile", "pk": 1, "fields": {"user": 1, "national_id": "887777", "address": "Gasabo"}}, {"model": "accounts.membersprofile", "pk": 2, "fields": {"user": 2, "national_id": "1999999", "address": "Gasabo"}}, {"model": "accounts.membersprofile", "pk": 3, "fields": {"user": 3, "national_id": "119820000000", "address": "Gasabo"}}, {"model": "accounts.membersprofile", "pk": 4, "fields": {"user": 4, "national_id": "1989888888888888", "address": "Gasabo"}}, {"model": "accounts.membersprofile", "pk": 5, "fields": {"user": 5, "national_id": "1989888888888888", "address": "Gasabo"}}, {"model": "accounts.membersprofile", "pk": 6, "fields": {"user": 6, "national_id": "1989888888888888", "address": "Gasabo"}}, {"model": "accounts.membersprofile", "pk": 7, "fields": {"user": 7, "national_id": "11111111111444", "address": "Gasabo"}}, {"model": "accounts.sjp2_profile", "pk": 1, "fields": {"user": 2, "location_address": "Gasabo", "started_on": "2026-04-26"}}, {"model": "accounts.memberaccount", "pk": 1, "fields": {"member": 6, "account_number": "SSJP2-001-2026", "shares": 4, "initial_deposit": "5000.00", "principal": "15000.00", "balance": "9000.00", "opened_on": "2026-04-26T20:48:05.908Z", "status_type": "active", "closed_on": null, "suspended_on": null, "dormant_on": null, "last_activity_on": "2026-05-04T12:33:22.613Z"}}, {"model": "accounts.memberaccount", "pk": 2, "fields": {"member": 3, "account_number": "SSJP2-002-2026", "shares": 3, "initial_deposit": "5000.00", "principal": "35000.00", "balance": "6985.00", "opened_on": "2026-04-26T20:48:46.654Z", "status_type": "active", "closed_on": null, "suspended_on": null, "dormant_on": null, "last_activity_on": "2026-05-05T20:01:46.631Z"}}, {"model": "accounts.memberaccount", "pk": 3, "fields": {"member": 2, "account_number": "SSJP2-003-2026", "shares": 3, "initial_deposit": "5000.00", "principal": "55500.00", "balance": "46300.00", "opened_on": "2026-04-26T20:49:15.941Z", "status_type": "active", "closed_on": null, "suspended_on": null, "dormant_on": null, "last_activity_on": "2026-05-04T12:33:21.394Z"}}, {"model": "accounts.memberaccount", "pk": 4, "fields": {"member": 4, "account_number": "SSJP2-004-2026", "shares": 4, "initial_deposit": "5000.00", "principal": "20000.00", "balance": "8000.00", "opened_on": "2026-04-26T20:51:51.821Z", "status_type": "active", "closed_on": null, "suspended_on": null, "dormant_on": null, "last_activity_on": "2026-05-05T20:01:46.654Z"}}, {"model": "accounts.memberaccount", "pk": 5, "fields": {"member": 5, "account_number": "SSJP2-005-2026", "shares": 3, "initial_deposit": "5000.00", "principal": "0.00", "balance": "5000.00", "opened_on": "2026-04-26T20:52:52.223Z", "status_type": "active", "closed_on": null, "suspended_on": null, "dormant_on": null, "last_activity_on": "2026-05-01T19:15:32.585Z"}}, {"model": "accounts.sjp2_account", "pk": 1, "fields": {"Solid_info": null, "account_nbr": "SJP2-01", "purpose": "System Pool", "balance": "222730.00", "total_penalized_amount": "0.00", "created_on": "2026-04-26T20:47:03.949Z", "last_activity_on": "2026-05-05T11:32:55.522Z"}}, {"model": "accounts.incomesource", "pk": 1, "fields": {"name": "Donation", "description": "", "Receipt_ref_no": "sssssssssss1", "is_active": true, "created_on": "2026-04-27T16:54:06.892Z"}}, {"model": "accounts.incomesource", "pk": 2, "fields": {"name": "Microfinance Profit", "description": "", "Receipt_ref_no": "44hhhhhhhhhh", "is_active": true, "created_on": "2026-05-05T08:49:53.978Z"}}, {"model": "accounts.expensepurpose", "pk": 1, "fields": {"name": "IT Services", "description": "", "receipt_ref_no": "uuu111111111", "is_active": true, "created_on": "2026-04-28T09:10:39.669Z"}}, {"model": "accounts.expensepurpose", "pk": 2, "fields": {"name": "Machine Purchase", "description": "", "receipt_ref_no": "ertttttttttt", "is_active": true, "created_on": "2026-05-05T07:35:32.180Z"}}, {"model": "transact1_regular_deposit.depositduetransaction", "pk": 1, "fields": {"amount": "0.00", "timestamp": "2026-04-27T06:27:55.893Z", "description": "", "flat_penalty": "3000.00", "percent_penalty": "200.00", "penalty_unpaid": "3200.00", "penalty_applied": true, "account": 2, "due_date": "2026-01-01", "monthly_due": "10000.00", "is_paid": false, "delay_time": 2}}, {"model": "transact1_regular_deposit.depositduetransaction", "pk": 2, "fields": {"amount": "0.00", "timestamp": "2026-04-27T06:32:40.642Z", "description": "", "flat_penalty": "6000.00", "percent_penalty": "400.00", "penalty_unpaid": "6400.00", "penalty_applied": true, "account": 4, "due_date": "2026-01-01", "monthly_due": "20000.00", "is_paid": false, "delay_time": 2}}, {"model": "transact1_regular_deposit.depositduetransaction", "pk": 3, "fields": {"amount": "0.00", "timestamp": "2026-04-27T19:14:01.702Z", "description": "", "flat_penalty": "4500.00", "percent_penalty": "0.00", "penalty_unpaid": "4500.00", "penalty_applied": true, "account": 3, "due_date": "2026-01-01", "monthly_due": "15000.00", "is_paid": false, "delay_time": 2}}, {"model": "transact1_regular_deposit.depositduetransaction", "pk": 4, "fields": {"amount": "0.00", "timestamp": "2026-04-28T08:58:52.028Z", "description": "", "flat_penalty": "4500.00", "percent_penalty": "200.00", "penalty_unpaid": "4700.00", "penalty_applied": true, "account": 2, "due_date": "2026-02-01", "monthly_due": "15000.00", "is_paid": false, "delay_time": 2}}, {"model": "transact1_regular_deposit.deposittransaction", "pk": 1, "fields": {"amount": "10000.00", "timestamp": "2026-04-27T06:27:53.885Z", "description": "ssss", "deposit_due": 1, "account": 2, "paid_on": "2026-02-03", "receipt_ref_no": "kkkkkkkkkkk1"}}, {"model": "transact1_regular_deposit.deposittransaction", "pk": 2, "fields": {"amount": "20000.00", "timestamp": "2026-04-27T06:32:40.447Z", "description": "eee", "deposit_due": 2, "account": 4, "paid_on": "2026-02-02", "receipt_ref_no": "ggggggggggg1"}}, {"model": "transact1_regular_deposit.deposittransaction", "pk": 3, "fields": {"amount": "25000.00", "timestamp": "2026-04-27T19:14:01.625Z", "description": "EEEEEEEEEYYYY", "deposit_due": 3, "account": 3, "paid_on": "2026-02-02", "receipt_ref_no": "TTT777777777"}}, {"model": "transact1_regular_deposit.deposittransaction", "pk": 4, "fields": {"amount": "30500.00", "timestamp": "2026-04-28T08:57:45.777Z", "description": "ssssss", "deposit_due": 3, "account": 3, "paid_on": "2026-03-01", "receipt_ref_no": "dddddd111111"}}, {"model": "transact1_regular_deposit.deposittransaction", "pk": 5, "fields": {"amount": "20000.00", "timestamp": "2026-04-28T08:58:52.013Z", "description": "tttt", "deposit_due": 4, "account": 2, "paid_on": "2026-04-01", "receipt_ref_no": "xxxxxxxxxxx1"}}, {"model": "transact1_regular_deposit.withdrawaltransaction", "pk": 1, "fields": {"amount": "2000.00", "timestamp": "2026-04-27T06:51:15.388Z", "description": "rrrr", "account": 2}}, {"model": "transact1_regular_deposit.transfertransaction", "pk": 1, "fields": {"amount": "5000.00", "timestamp": "2026-04-27T19:01:04.226Z", "description": "yyy", "source_account": 2, "destination_account": 4}}, {"model": "transact1_regular_deposit.sjp2transaction", "pk": 1, "fields": {"amount": "5000.00", "timestamp": "2026-04-26T20:48:06.033Z", "description": "Initial capital contribution (1 shares)", "income_source": null, "expense_purpose": null, "distribution_purpose": null, "interest_pool": null, "from_member_account": 1, "from_sjp2_account": null, "to_member_account": null, "to_sjp2_account": 1, "transaction_type": "initial_deposit", "content_type": null, "object_id": null, "performed_by": null}}, {"model": "transact1_regular_deposit.sjp2transaction", "pk": 2, "fields": {"amount": "5000.00", "timestamp": "2026-04-26T20:48:46.726Z", "description": "Initial capital contribution (2 shares)", "income_source": null, "expense_purpose": null, "distribution_purpose": null, "interest_pool": null, "from_member_account": 2, "from_sjp2_account": null, "to_member_account": null, "to_sjp2_account": 1, "transaction_type": "initial_deposit", "content_type": null, "object_id": null, "performed_by": null}}, {"model": "transact1_regular_deposit.sjp2transaction", "pk": 3, "fields": {"amount": "5000.00", "timestamp": "2026-04-26T20:49:15.973Z", "description": "Initial capital contribution (3 shares)", "income_source": null, "expense_purpose": null, "distribution_purpose": null, "interest_pool": null, "from_member_account": 3, "from_sjp2_account": null, "to_member_account": null, "to_sjp2_account": 1, "transaction_type": "initial_deposit", "content_type": null, "object_id": null, "performed_by": null}}, {"model": "transact1_regular_deposit.sjp2transaction", "pk": 4, "fields": {"amount": "5000.00", "timestamp": "2026-04-26T20:51:51.910Z", "description": "Initial capital contribution (4 shares)", "income_source": null, "expense_purpose": null, "distribution_purpose": null, "interest_pool": null, "from_member_account": 4, "from_sjp2_account": null, "to_member_account": null, "to_sjp2_account": 1, "transaction_type": "initial_deposit", "content_type": null, "object_id": null, "performed_by": null}}, {"model": "transact1_regular_deposit.sjp2transaction", "pk": 5, "fields": {"amount": "5000.00", "timestamp": "2026-04-26T20:52:52.258Z", "description": "Initial capital contribution (3 shares)", "income_source": null, "expense_purpose": null, "distribution_purpose": null, "interest_pool": null, "from_member_account": 5, "from_sjp2_account": null, "to_member_account": null, "to_sjp2_account": 1, "transaction_type": "initial_deposit", "content_type": null, "object_id": null, "performed_by": null}}, {"model": "transact1_regular_deposit.sjp2transaction", "pk": 6, "fields": {"amount": "200.00", "timestamp": "2026-04-27T06:27:58.296Z", "description": "Underpayment penalty for DepositDueTransaction 1", "income_source": null, "expense_purpose": null, "distribution_purpose": null, "interest_pool": null, "from_member_account": 2, "from_sjp2_account": null, "to_member_account": null, "to_sjp2_account": 1, "transaction_type": "penalty_underpayment", "content_type": 16, "object_id": 1, "performed_by": null}}, {"model": "transact1_regular_deposit.sjp2transaction", "pk": 7, "fields": {"amount": "3000.00", "timestamp": "2026-04-27T06:27:58.912Z", "description": "Late penalty for DepositDueTransaction 1", "income_source": null, "expense_purpose": null, "distribution_purpose": null, "interest_pool": null, "from_member_account": 2, "from_sjp2_account": null, "to_member_account": null, "to_sjp2_account": 1, "transaction_type": "penalty_late", "content_type": 16, "object_id": 1, "performed_by": null}}, {"model": "transact1_regular_deposit.sjp2transaction", "pk": 8, "fields": {"amount": "400.00", "timestamp": "2026-04-27T06:32:41.304Z", "description": "Underpayment penalty for DepositDueTransaction 2", "income_source": null, "expense_purpose": null, "distribution_purpose": null, "interest_pool": null, "from_member_account": 4, "from_sjp2_account": null, "to_member_account": null, "to_sjp2_account": 1, "transaction_type": "penalty_underpayment", "content_type": 16, "object_id": 2, "performed_by": null}}, {"model": "transact1_regular_deposit.sjp2transaction", "pk": 9, "fields": {"amount": "6000.00", "timestamp": "2026-04-27T06:32:41.524Z", "description": "Late penalty for DepositDueTransaction 2", "income_source": null, "expense_purpose": null, "distribution_purpose": null, "interest_pool": null, "from_member_account": 4, "from_sjp2_account": null, "to_member_account": null, "to_sjp2_account": 1, "transaction_type": "penalty_late", "content_type": 16, "object_id": 2, "performed_by": null}}, {"model": "transact1_regular_deposit.sjp2transaction", "pk": 10, "fields": {"amount": "10500.00", "timestamp": "2026-04-27T16:54:07.259Z", "description": "ssss", "income_source": 1, "expense_purpose": null, "distribution_purpose": null, "interest_pool": null, "from_member_account": null, "from_sjp2_account": null, "to_member_account": null, "to_sjp2_account": 1, "transaction_type": "external_income", "content_type": null, "object_id": null, "performed_by": null}}, {"model": "transact1_regular_deposit.sjp2transaction", "pk": 11, "fields": {"amount": "100.00", "timestamp": "2026-04-27T19:14:02.038Z", "description": "Underpayment penalty for DepositDueTransaction 3", "income_source": null, "expense_purpose": null, "distribution_purpose": null, "interest_pool": null, "from_member_account": 3, "from_sjp2_account": null, "to_member_account": null, "to_sjp2_account": 1, "transaction_type": "penalty_underpayment", "content_type": 16, "object_id": 3, "performed_by": null}}, {"model": "transact1_regular_deposit.sjp2transaction", "pk": 12, "fields": {"amount": "4500.00", "timestamp": "2026-04-27T19:14:02.118Z", "description": "Late penalty for DepositDueTransaction 3", "income_source": null, "expense_purpose": null, "distribution_purpose": null, "interest_pool": null, "from_member_account": 3, "from_sjp2_account": null, "to_member_account": null, "to_sjp2_account": 1, "transaction_type": "penalty_late", "content_type": 16, "object_id": 3, "performed_by": null}}, {"model": "transact1_regular_deposit.sjp2transaction", "pk": 13, "fields": {"amount": "200.00", "timestamp": "2026-04-28T08:58:52.645Z", "description": "Underpayment penalty for DepositDueTransaction 4", "income_source": null, "expense_purpose": null, "distribution_purpose": null, "interest_pool": null, "from_member_account": 2, "from_sjp2_account": null, "to_member_account": null, "to_sjp2_account": 1, "transaction_type": "penalty_underpayment", "content_type": 16, "object_id": 4, "performed_by": null}}, {"model": "transact1_regular_deposit.sjp2transaction", "pk": 14, "fields": {"amount": "4500.00", "timestamp": "2026-04-28T08:58:52.892Z", "description": "Late penalty for DepositDueTransaction 4", "income_source": null, "expense_purpose": null, "distribution_purpose": null, "interest_pool": null, "from_member_account": 2, "from_sjp2_account": null, "to_member_account": null, "to_sjp2_account": 1, "transaction_type": "penalty_late", "content_type": 16, "object_id": 4, "performed_by": null}}, {"model": "transact1_regular_deposit.sjp2transaction", "pk": 15, "fields": {"amount": "10500.00", "timestamp": "2026-04-28T09:10:43.082Z", "description": "gggg", "income_source": null, "expense_purpose": 1, "distribution_purpose": null, "interest_pool": null, "from_member_account": null, "from_sjp2_account": 1, "to_member_account": null, "to_sjp2_account": null, "transaction_type": "Expense", "content_type": null, "object_id": null, "performed_by": null}}, {"model": "transact1_regular_deposit.sjp2transaction", "pk": 16, "fields": {"amount": "225.00", "timestamp": "2026-04-29T09:22:13.652Z", "description": "Loan Interest 2", "income_source": null, "expense_purpose": null, "distribution_purpose": null, "interest_pool": null, "from_member_account": 2, "from_sjp2_account": null, "to_member_account": null, "to_sjp2_account": 1, "transaction_type": "loan_interest", "content_type": null, "object_id": null, "performed_by": null}}, {"model": "transact1_regular_deposit.sjp2transaction", "pk": 17, "fields": {"amount": "100.00", "timestamp": "2026-04-29T18:25:03.247Z", "description": "Loan Interest 3", "income_source": null, "expense_purpose": null, "distribution_purpose": null, "interest_pool": null, "from_member_account": 1, "from_sjp2_account": null, "to_member_account": null, "to_sjp2_account": 1, "transaction_type": "loan_interest", "content_type": null, "object_id": null, "performed_by": null}}, {"model": "transact1_regular_deposit.sjp2transaction", "pk": 18, "fields": {"amount": "300.00", "timestamp": "2026-05-01T08:26:10.925Z", "description": "Loan Interest 4", "income_source": null, "expense_purpose": null, "distribution_purpose": null, "interest_pool": null, "from_member_account": 2, "from_sjp2_account": null, "to_member_account": null, "to_sjp2_account": 1, "transaction_type": "loan_interest", "content_type": null, "object_id": null, "performed_by": null}}, {"model": "transact1_regular_deposit.sjp2transaction", "pk": 19, "fields": {"amount": "10.00", "timestamp": "2026-05-01T20:41:13.632Z", "description": "", "income_source": null, "expense_purpose": null, "distribution_purpose": null, "interest_pool": null, "from_member_account": 2, "from_sjp2_account": null, "to_member_account": null, "to_sjp2_account": 1, "transaction_type": "penalty_late_loan", "content_type": 22, "object_id": 4, "performed_by": null}}, {"model": "transact1_regular_deposit.sjp2transaction", "pk": 20, "fields": {"amount": "10.00", "timestamp": "2026-05-02T08:14:46.651Z", "description": "", "income_source": null, "expense_purpose": null, "distribution_purpose": null, "interest_pool": null, "from_member_account": 2, "from_sjp2_account": null, "to_member_account": null, "to_sjp2_account": 1, "transaction_type": "penalty_late_loan", "content_type": 22, "object_id": 5, "performed_by": null}}, {"model": "transact1_regular_deposit.sjp2transaction", "pk": 21, "fields": {"amount": "10.00", "timestamp": "2026-05-02T08:33:14.973Z", "description": "", "income_source": null, "expense_purpose": null, "distribution_purpose": null, "interest_pool": null, "from_member_account": 2, "from_sjp2_account": null, "to_member_account": null, "to_sjp2_account": 1, "transaction_type": "penalty_late_loan", "content_type": 22, "object_id": 6, "performed_by": null}}, {"model": "transact1_regular_deposit.sjp2transaction", "pk": 22, "fields": {"amount": "30000.00", "timestamp": "2026-05-04T19:35:31.116Z", "description": "", "income_source": null, "expense_purpose": null, "distribution_purpose": null, "interest_pool": null, "from_member_account": null, "from_sjp2_account": 1, "to_member_account": null, "to_sjp2_account": 1, "transaction_type": "interest_distribution", "content_type": null, "object_id": null, "performed_by": 3}}, {"model": "transact1_regular_deposit.sjp2transaction", "pk": 23, "fields": {"amount": "15000.00", "timestamp": "2026-05-05T07:06:01.151Z", "description": "", "income_source": null, "expense_purpose": null, "distribution_purpose": null, "interest_pool": 3, "from_member_account": null, "from_sjp2_account": 1, "to_member_account": null, "to_sjp2_account": null, "transaction_type": "interest_distribution", "content_type": null, "object_id": null, "performed_by": 3}}, {"model": "transact1_regular_deposit.sjp2transaction", "pk": 24, "fields": {"amount": "10200.00", "timestamp": "2026-05-05T07:35:32.668Z", "description": "ll", "income_source": null, "expense_purpose": 2, "distribution_purpose": null, "interest_pool": null, "from_member_account": null, "from_sjp2_account": 1, "to_member_account": null, "to_sjp2_account": null, "transaction_type": "Expense", "content_type": null, "object_id": null, "performed_by": null}}, {"model": "transact1_regular_deposit.sjp2transaction", "pk": 25, "fields": {"amount": "20000.00", "timestamp": "2026-05-05T08:04:01.144Z", "description": "", "income_source": null, "expense_purpose": null, "distribution_purpose": null, "interest_pool": 4, "from_member_account": null, "from_sjp2_account": 1, "to_member_account": null, "to_sjp2_account": null, "transaction_type": "interest_distribution", "content_type": null, "object_id": null, "performed_by": 3}}, {"model": "transact1_regular_deposit.sjp2transaction", "pk": 26, "fields": {"amount": "17500.00", "timestamp": "2026-05-05T08:42:08.939Z", "description": "", "income_source": null, "expense_purpose": null, "distribution_purpose": null, "interest_pool": 5, "from_member_account": null, "from_sjp2_account": 1, "to_member_account": null, "to_sjp2_account": null, "transaction_type": "interest_distribution", "content_type": null, "object_id": null, "performed_by": 3}}, {"model": "transact1_regular_deposit.sjp2transaction", "pk": 27, "fields": {"amount": "120000.00", "timestamp": "2026-05-05T08:49:54.631Z", "description": "rrr", "income_source": 2, "expense_purpose": null, "distribution_purpose": null, "interest_pool": null, "from_member_account": null, "from_sjp2_account": null, "to_member_account": null, "to_sjp2_account": 1, "transaction_type": "external_income", "content_type": null, "object_id": null, "performed_by": null}}, {"model": "transact1_regular_deposit.sjp2transaction", "pk": 28, "fields": {"amount": "36000.00", "timestamp": "2026-05-05T11:32:55.446Z", "description": "", "income_source": null, "expense_purpose": null, "distribution_purpose": null, "interest_pool": 6, "from_member_account": null, "from_sjp2_account": 1, "to_member_account": null, "to_sjp2_account": null, "transaction_type": "interest_distribution", "content_type": null, "object_id": null, "performed_by": 3}}, {"model": "transact2_loans.loan", "pk": 1, "fields": {"account": 3, "loan_type": "regular", "amount": "1000.00", "term_months": 12, "interest_rate": "5.00", "interest_amount": "50.00", "status": "pending", "issued_on": "2026-04-28", "approved_by": null, "top_up_of": null, "rejected_reason": null, "rejected_on": null, "approved_on": null}}, {"model": "transact2_loans.loan", "pk": 2, "fields": {"account": 2, "loan_type": "emergency", "amount": "15000.00", "term_months": 3, "interest_rate": "1.50", "interest_amount": "225.00", "status": "active", "issued_on": "2026-04-29", "approved_by": 4, "top_up_of": null, "rejected_reason": null, "rejected_on": null, "approved_on": null}}, {"model": "transact2_loans.loan", "pk": 3, "fields": {"account": 1, "loan_type": "regular", "amount": "2000.00", "term_months": 12, "interest_rate": "5.00", "interest_amount": "100.00", "status": "active", "issued_on": "2026-04-29", "approved_by": 4, "top_up_of": null, "rejected_reason": null, "rejected_on": null, "approved_on": null}}, {"model": "transact2_loans.loan", "pk": 4, "fields": {"account": 2, "loan_type": "regular", "amount": "6000.00", "term_months": 12, "interest_rate": "5.00", "interest_amount": "300.00", "status": "active", "issued_on": "2026-05-01", "approved_by": 4, "top_up_of": null, "rejected_reason": null, "rejected_on": null, "approved_on": null}}, {"model": "transact2_loans.loan", "pk": 5, "fields": {"account": 4, "loan_type": "regular", "amount": "15000.00", "term_months": 12, "interest_rate": "5.00", "interest_amount": "750.00", "status": "pending", "issued_on": "2026-05-05", "approved_by": null, "top_up_of": null, "rejected_reason": null, "rejected_on": null, "approved_on": null}}, {"model": "transact2_loans.loan", "pk": 6, "fields": {"account": 1, "loan_type": "emergency", "amount": "2500.00", "term_months": 3, "interest_rate": "1.50", "interest_amount": "37.50", "status": "pending", "issued_on": "2026-05-05", "approved_by": null, "top_up_of": null, "rejected_reason": null, "rejected_on": null, "approved_on": null}}, {"model": "transact2_loans.loan", "pk": 7, "fields": {"account": 1, "loan_type": "emergency", "amount": "2500.00", "term_months": 3, "interest_rate": "1.50", "interest_amount": "37.50", "status": "pending", "issued_on": "2026-05-05", "approved_by": null, "top_up_of": null, "rejected_reason": null, "rejected_on": null, "approved_on": null}}, {"model": "transact2_loans.loan", "pk": 8, "fields": {"account": 1, "loan_type": "regular", "amount": "2500.00", "term_months": 12, "interest_rate": "5.00", "interest_amount": "125.00", "status": "pending", "issued_on": "2026-05-05", "approved_by": null, "top_up_of": 3, "rejected_reason": null, "rejected_on": null, "approved_on": null}}, {"model": "transact2_loans.loan", "pk": 9, "fields": {"account": 2, "loan_type": "emergency", "amount": "1200.00", "term_months": 3, "interest_rate": "1.50", "interest_amount": "18.00", "status": "active", "issued_on": "2026-05-05", "approved_by": null, "top_up_of": null, "rejected_reason": null, "rejected_on": null, "approved_on": null}}, {"model": "transact2_loans.loanpayment", "pk": 1, "fields": {"loan": 2, "amount": "5000.00", "amount_due": "0.00", "paid_on": "2026-03-01", "due_date": "2026-03-01", "receipt_ref_no": "p11111111111", "delay_time": 0, "penalty_applied": false, "received_by": 3, "ledger_posted": true}}, {"model": "transact2_loans.loanpayment", "pk": 2, "fields": {"loan": 2, "amount": "2000.00", "amount_due": "0.00", "paid_on": "2026-03-02", "due_date": "2026-03-02", "receipt_ref_no": "rrrrrrrrrrr1", "delay_time": 0, "penalty_applied": false, "received_by": 3, "ledger_posted": true}}, {"model": "transact2_loans.loanpayment", "pk": 3, "fields": {"loan": 3, "amount": "1000.00", "amount_due": "0.00", "paid_on": "2025-02-15", "due_date": "2026-01-01", "receipt_ref_no": "ffffffffff44", "delay_time": 0, "penalty_applied": false, "received_by": 3, "ledger_posted": true}}, {"model": "transact2_loans.loanpayment", "pk": 4, "fields": {"loan": 4, "amount": "3000.00", "amount_due": "500.00", "paid_on": "2025-11-26", "due_date": "2025-10-25", "receipt_ref_no": "weoooooooooo", "delay_time": 1, "penalty_applied": true, "received_by": 3, "ledger_posted": true}}, {"model": "transact2_loans.loanpayment", "pk": 5, "fields": {"loan": 4, "amount": "1000.00", "amount_due": "500.00", "paid_on": "2026-02-11", "due_date": "2026-01-10", "receipt_ref_no": "er==========", "delay_time": 1, "penalty_applied": true, "received_by": 3, "ledger_posted": true}}, {"model": "transact2_loans.loanpayment", "pk": 6, "fields": {"loan": 4, "amount": "500.00", "amount_due": "500.00", "paid_on": "2026-01-01", "due_date": "2025-12-25", "receipt_ref_no": "hhhhhhhhhh44", "delay_time": 1, "penalty_applied": true, "received_by": 3, "ledger_posted": true}}, {"model": "transact2_loans.loanpayment", "pk": 7, "fields": {"loan": 9, "amount": "800.00", "amount_due": "0.00", "paid_on": "2026-04-25", "due_date": "2026-04-25", "receipt_ref_no": "oi5555555555", "delay_time": 0, "penalty_applied": false, "received_by": 3, "ledger_posted": true}}, {"model": "transact3_lending.peertopeerloan", "pk": 1, "fields": {"lender": 4, "borrower": 2, "contract": "peer_contracts/Contractor.pdf", "amount": "10000.00", "date": "2026-04-27", "is_fully_paid": false}}, {"model": "transact3_lending.peertopeerloan", "pk": 2, "fields": {"lender": 1, "borrower": 2, "contract": "peer_contracts/English_P1_SB.pdf", "amount": "5400.00", "date": "2026-05-01", "is_fully_paid": false}}, {"model": "transact3_lending.peertopeerloan", "pk": 3, "fields": {"lender": 2, "borrower": 5, "contract": "peer_contracts/Social_and_Religious_Studies_PB_for_P1.pdf", "amount": "5000.00", "date": "2026-04-14", "is_fully_paid": false}}, {"model": "transact3_lending.peerloanrepayment", "pk": 1, "fields": {"peer_loan": 1, "amount": "2000.00", "date": "2026-04-29", "paid_by": 3}}, {"model": "transact3_lending.peerloanrepayment", "pk": 2, "fields": {"peer_loan": 1, "amount": "3000.00", "date": "2026-05-01", "paid_by": 3}}, {"model": "transact3_lending.peerloanrepayment", "pk": 3, "fields": {"peer_loan": 2, "amount": "500.00", "date": "2026-05-02", "paid_by": 3}}, {"model": "transact3_lending.peerloanrepayment", "pk": 4, "fields": {"peer_loan": 1, "amount": "800.00", "date": "2026-05-05", "paid_by": 3}}, {"model": "transact3_lending.peerlendingstatus", "pk": 1, "fields": {"lender": 4, "total_lent": "10000.00"}}, {"model": "transact3_lending.peerlendingstatus", "pk": 2, "fields": {"lender": 1, "total_lent": "5400.00"}}, {"model": "transact3_lending.peerlendingstatus", "pk": 3, "fields": {"lender": 2, "total_lent": "5000.00"}}, {"model": "transact3_lending.peerborrowingstatus", "pk": 1, "fields": {"borrower": 2, "total_borrowed": "15400.00"}}, {"model": "transact3_lending.peerborrowingstatus", "pk": 2, "fields": {"borrower": 5, "total_borrowed": "5000.00"}}, {"model": "transact4_share_mngt.shareincrease", "pk": 1, "fields": {"nbr_share": 1, "timestamp": "2026-04-27T06:33:57.976Z", "description": "eeeeeeeeeeeeeee", "account": 2}}, {"model": "transact4_share_mngt.shareincrease", "pk": 2, "fields": {"nbr_share": 3, "timestamp": "2026-04-27T19:02:27.426Z", "description": "ee", "account": 1}}, {"model": "transact5_share_distrib.yearlyinterestpool", "pk": 1, "fields": {"year": 2026, "total_interest": "18000.00", "distributed_amount": "18000.00", "total_not_distributed": "0.00", "source_account": 1, "status": "distributed", "distributed_at": "2026-05-04T09:48:15.356Z", "distributed_by": null, "created_at": "2026-05-03T14:08:50.229Z"}}, {"model": "transact5_share_distrib.yearlyinterestpool", "pk": 2, "fields": {"year": 2027, "total_interest": "30000.00", "distributed_amount": "0.00", "total_not_distributed": "0.00", "source_account": 1, "status": "distributed", "distributed_at": null, "distributed_by": null, "created_at": "2026-05-04T17:45:54.650Z"}}, {"model": "transact5_share_distrib.yearlyinterestpool", "pk": 3, "fields": {"year": 2028, "total_interest": "15000.00", "distributed_amount": "0.00", "total_not_distributed": "0.00", "source_account": 1, "status": "distributed", "distributed_at": null, "distributed_by": null, "created_at": "2026-05-05T06:26:12.607Z"}}, {"model": "transact5_share_distrib.yearlyinterestpool", "pk": 4, "fields": {"year": 2029, "total_interest": "20000.00", "distributed_amount": "0.00", "total_not_distributed": "0.00", "source_account": 1, "status": "distributed", "distributed_at": null, "distributed_by": null, "created_at": "2026-05-05T08:03:47.496Z"}}, {"model": "transact5_share_distrib.yearlyinterestpool", "pk": 5, "fields": {"year": 2030, "total_interest": "17500.00", "distributed_amount": "17500.00", "total_not_distributed": "0.00", "source_account": 1, "status": "distributed", "distributed_at": "2026-05-05T08:42:09.140Z", "distributed_by": 3, "created_at": "2026-05-05T08:41:54.596Z"}}, {"model": "transact5_share_distrib.yearlyinterestpool", "pk": 6, "fields": {"year": 2031, "total_interest": "36000.00", "distributed_amount": "36000.00", "total_not_distributed": "999.98", "source_account": 1, "status": "distributed", "distributed_at": "2026-05-05T11:32:55.542Z", "distributed_by": 3, "created_at": "2026-05-05T10:58:41.750Z"}}, {"model": "transact5_share_distrib.memberinterestshare", "pk": 1, "fields": {"pool": 1, "account": 1, "principal_snapshot": "15000.00", "ratio": "0.11952191", "interest_earned": "2151.41", "distribute": "0.00", "not_distributed": "0.00", "created_at": "2026-05-04T09:48:15.012Z"}}, {"model": "transact5_share_distrib.memberinterestshare", "pk": 2, "fields": {"pool": 1, "account": 2, "principal_snapshot": "35000.00", "ratio": "0.27888446", "interest_earned": "5019.92", "distribute": "0.00", "not_distributed": "0.00", "created_at": "2026-05-04T09:48:15.012Z"}}, {"model": "transact5_share_distrib.memberinterestshare", "pk": 3, "fields": {"pool": 1, "account": 3, "principal_snapshot": "55500.00", "ratio": "0.44223108", "interest_earned": "7960.15", "distribute": "0.00", "not_distributed": "0.00", "created_at": "2026-05-04T09:48:15.012Z"}}, {"model": "transact5_share_distrib.memberinterestshare", "pk": 4, "fields": {"pool": 1, "account": 4, "principal_snapshot": "20000.00", "ratio": "0.15936255", "interest_earned": "2868.52", "distribute": "0.00", "not_distributed": "0.00", "created_at": "2026-05-04T09:48:15.012Z"}}, {"model": "transact5_share_distrib.memberinterestshare", "pk": 5, "fields": {"pool": 2, "account": 1, "principal_snapshot": "15000.00", "ratio": "0.11952191", "interest_earned": "3585.67", "distribute": "0.00", "not_distributed": "0.00", "created_at": "2026-05-04T19:35:31.044Z"}}, {"model": "transact5_share_distrib.memberinterestshare", "pk": 6, "fields": {"pool": 2, "account": 2, "principal_snapshot": "35000.00", "ratio": "0.27888446", "interest_earned": "8366.53", "distribute": "0.00", "not_distributed": "0.00", "created_at": "2026-05-04T19:35:31.045Z"}}, {"model": "transact5_share_distrib.memberinterestshare", "pk": 7, "fields": {"pool": 2, "account": 3, "principal_snapshot": "55500.00", "ratio": "0.44223108", "interest_earned": "13266.93", "distribute": "0.00", "not_distributed": "0.00", "created_at": "2026-05-04T19:35:31.045Z"}}, {"model": "transact5_share_distrib.memberinterestshare", "pk": 8, "fields": {"pool": 2, "account": 4, "principal_snapshot": "20000.00", "ratio": "0.15936255", "interest_earned": "4780.87", "distribute": "0.00", "not_distributed": "0.00", "created_at": "2026-05-04T19:35:31.045Z"}}, {"model": "transact5_share_distrib.memberinterestshare", "pk": 9, "fields": {"pool": 3, "account": 1, "principal_snapshot": "15000.00", "ratio": "0.11952191", "interest_earned": "1792.85", "distribute": "0.00", "not_distributed": "0.00", "created_at": "2026-05-05T07:06:00.864Z"}}, {"model": "transact5_share_distrib.memberinterestshare", "pk": 10, "fields": {"pool": 3, "account": 2, "principal_snapshot": "35000.00", "ratio": "0.27888446", "interest_earned": "4183.26", "distribute": "0.00", "not_distributed": "0.00", "created_at": "2026-05-05T07:06:00.864Z"}}, {"model": "transact5_share_distrib.memberinterestshare", "pk": 11, "fields": {"pool": 3, "account": 3, "principal_snapshot": "55500.00", "ratio": "0.44223108", "interest_earned": "6633.46", "distribute": "0.00", "not_distributed": "0.00", "created_at": "2026-05-05T07:06:00.864Z"}}, {"model": "transact5_share_distrib.memberinterestshare", "pk": 12, "fields": {"pool": 3, "account": 4, "principal_snapshot": "20000.00", "ratio": "0.15936255", "interest_earned": "2390.43", "distribute": "0.00", "not_distributed": "0.00", "created_at": "2026-05-05T07:06:00.864Z"}}, {"model": "transact5_share_distrib.memberinterestshare", "pk": 13, "fields": {"pool": 4, "account": 1, "principal_snapshot": "15000.00", "ratio": "0.11952191", "interest_earned": "2390.45", "distribute": "0.00", "not_distributed": "0.00", "created_at": "2026-05-05T08:04:01.011Z"}}, {"model": "transact5_share_distrib.memberinterestshare", "pk": 14, "fields": {"pool": 4, "account": 2, "principal_snapshot": "35000.00", "ratio": "0.27888446", "interest_earned": "5577.68", "distribute": "0.00", "not_distributed": "0.00", "created_at": "2026-05-05T08:04:01.013Z"}}, {"model": "transact5_share_distrib.memberinterestshare", "pk": 15, "fields": {"pool": 4, "account": 3, "principal_snapshot": "55500.00", "ratio": "0.44223108", "interest_earned": "8844.62", "distribute": "0.00", "not_distributed": "0.00", "created_at": "2026-05-05T08:04:01.013Z"}}, {"model": "transact5_share_distrib.memberinterestshare", "pk": 16, "fields": {"pool": 4, "account": 4, "principal_snapshot": "20000.00", "ratio": "0.15936255", "interest_earned": "3187.25", "distribute": "0.00", "not_distributed": "0.00", "created_at": "2026-05-05T08:04:01.013Z"}}, {"model": "transact5_share_distrib.memberinterestshare", "pk": 17, "fields": {"pool": 5, "account": 1, "principal_snapshot": "15000.00", "ratio": "0.11952191", "interest_earned": "2091.65", "distribute": "0.00", "not_distributed": "0.00", "created_at": "2026-05-05T08:42:08.839Z"}}, {"model": "transact5_share_distrib.memberinterestshare", "pk": 18, "fields": {"pool": 5, "account": 2, "principal_snapshot": "35000.00", "ratio": "0.27888446", "interest_earned": "4880.47", "distribute": "0.00", "not_distributed": "0.00", "created_at": "2026-05-05T08:42:08.839Z"}}, {"model": "transact5_share_distrib.memberinterestshare", "pk": 19, "fields": {"pool": 5, "account": 3, "principal_snapshot": "55500.00", "ratio": "0.44223108", "interest_earned": "7739.04", "distribute": "0.00", "not_distributed": "0.00", "created_at": "2026-05-05T08:42:08.840Z"}}, {"model": "transact5_share_distrib.memberinterestshare", "pk": 20, "fields": {"pool": 5, "account": 4, "principal_snapshot": "20000.00", "ratio": "0.15936255", "interest_earned": "2788.84", "distribute": "0.00", "not_distributed": "0.00", "created_at": "2026-05-05T08:42:08.840Z"}}, {"model": "transact5_share_distrib.memberinterestshare", "pk": 21, "fields": {"pool": 6, "account": 1, "principal_snapshot": "15000.00", "ratio": "0.11952191", "interest_earned": "4302.78", "distribute": "4000.00", "not_distributed": "302.78", "created_at": "2026-05-05T11:32:55.403Z"}}, {"model": "transact5_share_distrib.memberinterestshare", "pk": 22, "fields": {"pool": 6, "account": 2, "principal_snapshot": "35000.00", "ratio": "0.27888446", "interest_earned": "10039.84", "distribute": "10000.00", "not_distributed": "39.84", "created_at": "2026-05-05T11:32:55.409Z"}}, {"model": "transact5_share_distrib.memberinterestshare", "pk": 23, "fields": {"pool": 6, "account": 3, "principal_snapshot": "55500.00", "ratio": "0.44223108", "interest_earned": "15920.31", "distribute": "15500.00", "not_distributed": "420.31", "created_at": "2026-05-05T11:32:55.409Z"}}, {"model": "transact5_share_distrib.memberinterestshare", "pk": 24, "fields": {"pool": 6, "account": 4, "principal_snapshot": "20000.00", "ratio": "0.15936255", "interest_earned": "5737.05", "distribute": "5500.00", "not_distributed": "237.05", "created_at": "2026-05-05T11:32:55.409Z"}}, {"model": "ledger.accountstatement", "pk": 1, "fields": {"account": 1, "date": "2026-04-26T20:48:06.215Z", "transaction_type": "INITIAL_DEPOSIT", "debit": "0.00", "credit": "5000.00", "balance_after": "5000.00", "reference": "MEMBER_INIT_DEPOSIT (1)"}}, {"model": "ledger.accountstatement", "pk": 2, "fields": {"account": 1, "date": "2026-04-26T20:48:06.259Z", "transaction_type": "Transfer_membeship", "debit": "5000.00", "credit": "0.00", "balance_after": "0.00", "reference": "MEMBER_INIT_Transfer_out (1)"}}, {"model": "ledger.accountstatement", "pk": 3, "fields": {"account": 2, "date": "2026-04-26T20:48:46.845Z", "transaction_type": "INITIAL_DEPOSIT", "debit": "0.00", "credit": "5000.00", "balance_after": "5000.00", "reference": "MEMBER_INIT_DEPOSIT (2)"}}, {"model": "ledger.accountstatement", "pk": 4, "fields": {"account": 2, "date": "2026-04-26T20:48:46.891Z", "transaction_type": "Transfer_membeship", "debit": "5000.00", "credit": "0.00", "balance_after": "0.00", "reference": "MEMBER_INIT_Transfer_out (2)"}}, {"model": "ledger.accountstatement", "pk": 5, "fields": {"account": 3, "date": "2026-04-26T20:49:16.143Z", "transaction_type": "INITIAL_DEPOSIT", "debit": "0.00", "credit": "5000.00", "balance_after": "5000.00", "reference": "MEMBER_INIT_DEPOSIT (3)"}}, {"model": "ledger.accountstatement", "pk": 6, "fields": {"account": 3, "date": "2026-04-26T20:49:16.182Z", "transaction_type": "Transfer_membeship", "debit": "5000.00", "credit": "0.00", "balance_after": "0.00", "reference": "MEMBER_INIT_Transfer_out (3)"}}, {"model": "ledger.accountstatement", "pk": 7, "fields": {"account": 4, "date": "2026-04-26T20:51:52.055Z", "transaction_type": "INITIAL_DEPOSIT", "debit": "0.00", "credit": "5000.00", "balance_after": "5000.00", "reference": "MEMBER_INIT_DEPOSIT (4)"}}, {"model": "ledger.accountstatement", "pk": 8, "fields": {"account": 4, "date": "2026-04-26T20:51:52.077Z", "transaction_type": "Transfer_membeship", "debit": "5000.00", "credit": "0.00", "balance_after": "0.00", "reference": "MEMBER_INIT_Transfer_out (4)"}}, {"model": "ledger.accountstatement", "pk": 9, "fields": {"account": 5, "date": "2026-04-26T20:52:52.335Z", "transaction_type": "INITIAL_DEPOSIT", "debit": "0.00", "credit": "5000.00", "balance_after": "5000.00", "reference": "MEMBER_INIT_DEPOSIT (5)"}}, {"model": "ledger.accountstatement", "pk": 10, "fields": {"account": 5, "date": "2026-04-26T20:52:52.382Z", "transaction_type": "Transfer_membeship", "debit": "5000.00", "credit": "0.00", "balance_after": "0.00", "reference": "MEMBER_INIT_Transfer_out (5)"}}, {"model": "ledger.accountstatement", "pk": 11, "fields": {"account": 2, "date": "2026-04-27T06:27:57.759Z", "transaction_type": "deposit", "debit": "0.00", "credit": "10000.00", "balance_after": "10000.00", "reference": "Deposit:1"}}, {"model": "ledger.accountstatement", "pk": 12, "fields": {"account": 2, "date": "2026-04-27T06:27:58.709Z", "transaction_type": "penalty_underpayment", "debit": "200.00", "credit": "0.00", "balance_after": "9800.00", "reference": "SJP2Transaction ID 6"}}, {"model": "ledger.accountstatement", "pk": 13, "fields": {"account": 2, "date": "2026-04-27T06:27:59.348Z", "transaction_type": "penalty_late", "debit": "3000.00", "credit": "0.00", "balance_after": "6800.00", "reference": "SJP2Transaction ID 7"}}, {"model": "ledger.accountstatement", "pk": 14, "fields": {"account": 4, "date": "2026-04-27T06:32:41.276Z", "transaction_type": "deposit", "debit": "0.00", "credit": "20000.00", "balance_after": "20000.00", "reference": "Deposit:2"}}, {"model": "ledger.accountstatement", "pk": 15, "fields": {"account": 4, "date": "2026-04-27T06:32:41.486Z", "transaction_type": "penalty_underpayment", "debit": "400.00", "credit": "0.00", "balance_after": "19600.00", "reference": "SJP2Transaction ID 8"}}, {"model": "ledger.accountstatement", "pk": 16, "fields": {"account": 4, "date": "2026-04-27T06:32:41.573Z", "transaction_type": "penalty_late", "debit": "6000.00", "credit": "0.00", "balance_after": "13600.00", "reference": "SJP2Transaction ID 9"}}, {"model": "ledger.accountstatement", "pk": 17, "fields": {"account": 2, "date": "2026-04-27T06:33:58.083Z", "transaction_type": "deposit", "debit": "0.00", "credit": "5000.00", "balance_after": "11800.00", "reference": "Share purchase (1)"}}, {"model": "ledger.accountstatement", "pk": 18, "fields": {"account": 2, "date": "2026-04-27T06:51:15.970Z", "transaction_type": "withdrawal", "debit": "2000.00", "credit": "0.00", "balance_after": "9800.00", "reference": "Withdrawal:1"}}, {"model": "ledger.accountstatement", "pk": 19, "fields": {"account": 2, "date": "2026-04-27T17:06:10.231Z", "transaction_type": "borrowing", "debit": "0.00", "credit": "10000.00", "balance_after": "19800.00", "reference": "Peer-to-Peer Loan ID 1 from Lender ID 4"}}, {"model": "ledger.accountstatement", "pk": 20, "fields": {"account": 4, "date": "2026-04-27T17:06:10.262Z", "transaction_type": "lending", "debit": "10000.00", "credit": "0.00", "balance_after": "3600.00", "reference": "Peer-to-Peer Loan ID 1 to Borrower ID 2"}}, {"model": "ledger.accountstatement", "pk": 21, "fields": {"account": 2, "date": "2026-04-27T19:01:04.326Z", "transaction_type": "transfer_out", "debit": "5000.00", "credit": "0.00", "balance_after": "14800.00", "reference": "Transfer:1"}}, {"model": "ledger.accountstatement", "pk": 22, "fields": {"account": 4, "date": "2026-04-27T19:01:04.356Z", "transaction_type": "transfer_in", "debit": "0.00", "credit": "5000.00", "balance_after": "8600.00", "reference": "Transfer:1"}}, {"model": "ledger.accountstatement", "pk": 23, "fields": {"account": 1, "date": "2026-04-27T19:02:27.516Z", "transaction_type": "deposit", "debit": "0.00", "credit": "15000.00", "balance_after": "15000.00", "reference": "Share purchase (3)"}}, {"model": "ledger.accountstatement", "pk": 24, "fields": {"account": 3, "date": "2026-04-27T19:14:02.012Z", "transaction_type": "deposit", "debit": "0.00", "credit": "25000.00", "balance_after": "25000.00", "reference": "Deposit:3"}}, {"model": "ledger.accountstatement", "pk": 25, "fields": {"account": 3, "date": "2026-04-27T19:14:02.092Z", "transaction_type": "penalty_underpayment", "debit": "100.00", "credit": "0.00", "balance_after": "24900.00", "reference": "SJP2Transaction ID 11"}}, {"model": "ledger.accountstatement", "pk": 26, "fields": {"account": 3, "date": "2026-04-27T19:14:02.170Z", "transaction_type": "penalty_late", "debit": "4500.00", "credit": "0.00", "balance_after": "20400.00", "reference": "SJP2Transaction ID 12"}}, {"model": "ledger.accountstatement", "pk": 27, "fields": {"account": 3, "date": "2026-04-28T08:57:51.405Z", "transaction_type": "deposit", "debit": "0.00", "credit": "30500.00", "balance_after": "50900.00", "reference": "Deposit:4"}}, {"model": "ledger.accountstatement", "pk": 28, "fields": {"account": 2, "date": "2026-04-28T08:58:52.491Z", "transaction_type": "deposit", "debit": "0.00", "credit": "20000.00", "balance_after": "34800.00", "reference": "Deposit:5"}}, {"model": "ledger.accountstatement", "pk": 29, "fields": {"account": 2, "date": "2026-04-28T08:58:52.788Z", "transaction_type": "penalty_underpayment", "debit": "200.00", "credit": "0.00", "balance_after": "34600.00", "reference": "SJP2Transaction ID 13"}}, {"model": "ledger.accountstatement", "pk": 30, "fields": {"account": 2, "date": "2026-04-28T08:58:52.936Z", "transaction_type": "penalty_late", "debit": "4500.00", "credit": "0.00", "balance_after": "30100.00", "reference": "SJP2Transaction ID 14"}}, {"model": "ledger.accountstatement", "pk": 31, "fields": {"account": 2, "date": "2026-04-29T09:22:13.465Z", "transaction_type": "loan_issued", "debit": "14775.00", "credit": "0.00", "balance_after": "15325.00", "reference": "Loan ID 2"}}, {"model": "ledger.accountstatement", "pk": 32, "fields": {"account": 2, "date": "2026-04-29T09:22:13.755Z", "transaction_type": "loan_interest", "debit": "225.00", "credit": "0.00", "balance_after": "15100.00", "reference": "SJP2Transaction ID 16"}}, {"model": "ledger.accountstatement", "pk": 33, "fields": {"account": 2, "date": "2026-04-29T09:42:00.493Z", "transaction_type": "loan_payment", "debit": "0.00", "credit": "5000.00", "balance_after": "20100.00", "reference": "Loan ID 2"}}, {"model": "ledger.accountstatement", "pk": 34, "fields": {"account": 2, "date": "2026-04-29T17:22:14.617Z", "transaction_type": "loan_payment", "debit": "0.00", "credit": "2000.00", "balance_after": "22100.00", "reference": "Loan ID 2"}}, {"model": "ledger.accountstatement", "pk": 35, "fields": {"account": 2, "date": "2026-04-29T17:22:14.735Z", "transaction_type": "peer_loan_payment", "debit": "2000.00", "credit": "0.00", "balance_after": "20100.00", "reference": "Repayment for Peer-to-Peer Loan ID 1"}}, {"model": "ledger.accountstatement", "pk": 36, "fields": {"account": 4, "date": "2026-04-29T17:22:14.754Z", "transaction_type": "peer_loan_payment", "debit": "0.00", "credit": "2000.00", "balance_after": "10600.00", "reference": "Received repayment for Peer-to-Peer Loan ID 1"}}, {"model": "ledger.accountstatement", "pk": 37, "fields": {"account": 1, "date": "2026-04-29T18:25:03.216Z", "transaction_type": "loan_issued", "debit": "1900.00", "credit": "0.00", "balance_after": "13100.00", "reference": "Loan ID 3"}}, {"model": "ledger.accountstatement", "pk": 38, "fields": {"account": 1, "date": "2026-04-29T18:25:03.308Z", "transaction_type": "loan_interest", "debit": "100.00", "credit": "0.00", "balance_after": "13000.00", "reference": "SJP2Transaction ID 17"}}, {"model": "ledger.accountstatement", "pk": 39, "fields": {"account": 2, "date": "2026-05-01T08:26:10.834Z", "transaction_type": "loan_issued", "debit": "5700.00", "credit": "0.00", "balance_after": "14400.00", "reference": "Loan ID 4"}}, {"model": "ledger.accountstatement", "pk": 40, "fields": {"account": 2, "date": "2026-05-01T08:26:11.017Z", "transaction_type": "loan_interest", "debit": "300.00", "credit": "0.00", "balance_after": "14100.00", "reference": "SJP2Transaction ID 18"}}, {"model": "ledger.accountstatement", "pk": 41, "fields": {"account": 2, "date": "2026-05-01T09:04:23.390Z", "transaction_type": "borrowing", "debit": "0.00", "credit": "5400.00", "balance_after": "19500.00", "reference": "Peer-to-Peer Loan ID 2 from Lender ID 1"}}, {"model": "ledger.accountstatement", "pk": 42, "fields": {"account": 1, "date": "2026-05-01T09:04:23.414Z", "transaction_type": "lending", "debit": "5400.00", "credit": "0.00", "balance_after": "7600.00", "reference": "Peer-to-Peer Loan ID 2 to Borrower ID 2"}}, {"model": "ledger.accountstatement", "pk": 43, "fields": {"account": 5, "date": "2026-05-01T19:15:32.594Z", "transaction_type": "borrowing", "debit": "0.00", "credit": "5000.00", "balance_after": "5000.00", "reference": "Peer-to-Peer Loan ID 3 from Lender ID 2"}}, {"model": "ledger.accountstatement", "pk": 44, "fields": {"account": 2, "date": "2026-05-01T19:15:32.615Z", "transaction_type": "lending", "debit": "5000.00", "credit": "0.00", "balance_after": "14500.00", "reference": "Peer-to-Peer Loan ID 3 to Borrower ID 5"}}, {"model": "ledger.accountstatement", "pk": 45, "fields": {"account": 1, "date": "2026-05-01T20:37:42.276Z", "transaction_type": "loan_payment", "debit": "0.00", "credit": "1000.00", "balance_after": "8600.00", "reference": "Loan ID 3"}}, {"model": "ledger.accountstatement", "pk": 46, "fields": {"account": 2, "date": "2026-05-01T20:41:13.701Z", "transaction_type": "penalty_late_loan", "debit": "10.00", "credit": "0.00", "balance_after": "14490.00", "reference": "SJP2Transaction ID 19"}}, {"model": "ledger.accountstatement", "pk": 47, "fields": {"account": 2, "date": "2026-05-01T20:41:13.811Z", "transaction_type": "loan_payment", "debit": "0.00", "credit": "2990.00", "balance_after": "17480.00", "reference": "Loan ID 4"}}, {"model": "ledger.accountstatement", "pk": 48, "fields": {"account": 2, "date": "2026-05-01T20:41:13.885Z", "transaction_type": "peer_loan_payment", "debit": "3000.00", "credit": "0.00", "balance_after": "14480.00", "reference": "Repayment for Peer-to-Peer Loan ID 1"}}, {"model": "ledger.accountstatement", "pk": 49, "fields": {"account": 4, "date": "2026-05-01T20:41:13.901Z", "transaction_type": "peer_loan_payment", "debit": "0.00", "credit": "3000.00", "balance_after": "13600.00", "reference": "Received repayment for Peer-to-Peer Loan ID 1"}}, {"model": "ledger.accountstatement", "pk": 50, "fields": {"account": 2, "date": "2026-05-02T08:14:46.741Z", "transaction_type": "penalty_late_loan", "debit": "10.00", "credit": "0.00", "balance_after": "14470.00", "reference": "SJP2Transaction ID 20"}}, {"model": "ledger.accountstatement", "pk": 51, "fields": {"account": 2, "date": "2026-05-02T08:14:46.817Z", "transaction_type": "loan_payment", "debit": "0.00", "credit": "990.00", "balance_after": "15460.00", "reference": "Loan ID 4"}}, {"model": "ledger.accountstatement", "pk": 52, "fields": {"account": 2, "date": "2026-05-02T08:33:15.047Z", "transaction_type": "penalty_late_loan", "debit": "10.00", "credit": "0.00", "balance_after": "15450.00", "reference": "SJP2Transaction ID 21"}}, {"model": "ledger.accountstatement", "pk": 53, "fields": {"account": 2, "date": "2026-05-02T08:33:15.154Z", "transaction_type": "loan_payment", "debit": "0.00", "credit": "490.00", "balance_after": "15940.00", "reference": "Loan ID 4"}}, {"model": "ledger.accountstatement", "pk": 54, "fields": {"account": 2, "date": "2026-05-02T08:33:15.250Z", "transaction_type": "peer_loan_payment", "debit": "500.00", "credit": "0.00", "balance_after": "15440.00", "reference": "Repayment for Peer-to-Peer Loan ID 2"}}, {"model": "ledger.accountstatement", "pk": 55, "fields": {"account": 1, "date": "2026-05-02T08:33:15.287Z", "transaction_type": "peer_loan_payment", "debit": "0.00", "credit": "500.00", "balance_after": "9100.00", "reference": "Received repayment for Peer-to-Peer Loan ID 2"}}, {"model": "ledger.accountstatement", "pk": 56, "fields": {"account": 2, "date": "2026-05-04T12:33:19.925Z", "transaction_type": "penalty_underpayment", "debit": "200.00", "credit": "0.00", "balance_after": "15240.00", "reference": "SJP2Transaction ID 6"}}, {"model": "ledger.accountstatement", "pk": 57, "fields": {"account": 2, "date": "2026-05-04T12:33:20.144Z", "transaction_type": "penalty_late", "debit": "3000.00", "credit": "0.00", "balance_after": "12240.00", "reference": "SJP2Transaction ID 7"}}, {"model": "ledger.accountstatement", "pk": 58, "fields": {"account": 4, "date": "2026-05-04T12:33:20.394Z", "transaction_type": "penalty_underpayment", "debit": "400.00", "credit": "0.00", "balance_after": "13200.00", "reference": "SJP2Transaction ID 8"}}, {"model": "ledger.accountstatement", "pk": 59, "fields": {"account": 4, "date": "2026-05-04T12:33:20.738Z", "transaction_type": "penalty_late", "debit": "6000.00", "credit": "0.00", "balance_after": "7200.00", "reference": "SJP2Transaction ID 9"}}, {"model": "ledger.accountstatement", "pk": 60, "fields": {"account": 3, "date": "2026-05-04T12:33:21.081Z", "transaction_type": "penalty_underpayment", "debit": "100.00", "credit": "0.00", "balance_after": "50800.00", "reference": "SJP2Transaction ID 11"}}, {"model": "ledger.accountstatement", "pk": 61, "fields": {"account": 3, "date": "2026-05-04T12:33:21.409Z", "transaction_type": "penalty_late", "debit": "4500.00", "credit": "0.00", "balance_after": "46300.00", "reference": "SJP2Transaction ID 12"}}, {"model": "ledger.accountstatement", "pk": 62, "fields": {"account": 2, "date": "2026-05-04T12:33:21.706Z", "transaction_type": "penalty_underpayment", "debit": "200.00", "credit": "0.00", "balance_after": "12040.00", "reference": "SJP2Transaction ID 13"}}, {"model": "ledger.accountstatement", "pk": 63, "fields": {"account": 2, "date": "2026-05-04T12:33:22.050Z", "transaction_type": "penalty_late", "debit": "4500.00", "credit": "0.00", "balance_after": "7540.00", "reference": "SJP2Transaction ID 14"}}, {"model": "ledger.accountstatement", "pk": 64, "fields": {"account": 2, "date": "2026-05-04T12:33:22.347Z", "transaction_type": "loan_interest", "debit": "225.00", "credit": "0.00", "balance_after": "7315.00", "reference": "SJP2Transaction ID 16"}}, {"model": "ledger.accountstatement", "pk": 65, "fields": {"account": 1, "date": "2026-05-04T12:33:22.628Z", "transaction_type": "loan_interest", "debit": "100.00", "credit": "0.00", "balance_after": "9000.00", "reference": "SJP2Transaction ID 17"}}, {"model": "ledger.accountstatement", "pk": 66, "fields": {"account": 2, "date": "2026-05-04T12:33:22.847Z", "transaction_type": "loan_interest", "debit": "300.00", "credit": "0.00", "balance_after": "7015.00", "reference": "SJP2Transaction ID 18"}}, {"model": "ledger.accountstatement", "pk": 67, "fields": {"account": 2, "date": "2026-05-04T12:33:23.191Z", "transaction_type": "penalty_late_loan", "debit": "10.00", "credit": "0.00", "balance_after": "7005.00", "reference": "SJP2Transaction ID 19"}}, {"model": "ledger.accountstatement", "pk": 68, "fields": {"account": 2, "date": "2026-05-04T12:33:23.394Z", "transaction_type": "penalty_late_loan", "debit": "10.00", "credit": "0.00", "balance_after": "6995.00", "reference": "SJP2Transaction ID 20"}}, {"model": "ledger.accountstatement", "pk": 69, "fields": {"account": 2, "date": "2026-05-04T12:33:23.612Z", "transaction_type": "penalty_late_loan", "debit": "10.00", "credit": "0.00", "balance_after": "6985.00", "reference": "SJP2Transaction ID 21"}}, {"model": "ledger.accountstatement", "pk": 70, "fields": {"account": 2, "date": "2026-05-05T20:01:46.494Z", "transaction_type": "loan_payment", "debit": "0.00", "credit": "400.00", "balance_after": "7385.00", "reference": "Loan ID 9"}}, {"model": "ledger.accountstatement", "pk": 71, "fields": {"account": 2, "date": "2026-05-05T20:01:46.548Z", "transaction_type": "excess_payment", "debit": "0.00", "credit": "400.00", "balance_after": "7785.00", "reference": "Loan ID 9 - excess"}}, {"model": "ledger.accountstatement", "pk": 72, "fields": {"account": 2, "date": "2026-05-05T20:01:46.633Z", "transaction_type": "peer_loan_payment", "debit": "800.00", "credit": "0.00", "balance_after": "6985.00", "reference": "Repayment for Peer-to-Peer Loan ID 1"}}, {"model": "ledger.accountstatement", "pk": 73, "fields": {"account": 4, "date": "2026-05-05T20:01:46.670Z", "transaction_type": "peer_loan_payment", "debit": "0.00", "credit": "800.00", "balance_after": "8000.00", "reference": "Received repayment for Peer-to-Peer Loan ID 1"}}, {"model": "ledger.systemaccountstatement", "pk": 1, "fields": {"account": 1, "date": "2026-04-26T20:48:06.148Z", "transaction_type": "initial_deposit", "debit": "0.00", "credit": "5000.00", "balance_after": "5000.00", "reference": "SJP2Transaction ID 1"}}, {"model": "ledger.systemaccountstatement", "pk": 2, "fields": {"account": 1, "date": "2026-04-26T20:48:06.301Z", "transaction_type": "MEMBER_INITIAL_DEPOSIT", "debit": "0.00", "credit": "5000.00", "balance_after": "10000.00", "reference": "MEMBER_INIT_DEPOSIT (1)"}}, {"model": "ledger.systemaccountstatement", "pk": 3, "fields": {"account": 1, "date": "2026-04-26T20:48:46.790Z", "transaction_type": "initial_deposit", "debit": "0.00", "credit": "5000.00", "balance_after": "15000.00", "reference": "SJP2Transaction ID 2"}}, {"model": "ledger.systemaccountstatement", "pk": 4, "fields": {"account": 1, "date": "2026-04-26T20:48:46.906Z", "transaction_type": "MEMBER_INITIAL_DEPOSIT", "debit": "0.00", "credit": "5000.00", "balance_after": "20000.00", "reference": "MEMBER_INIT_DEPOSIT (2)"}}, {"model": "ledger.systemaccountstatement", "pk": 5, "fields": {"account": 1, "date": "2026-04-26T20:49:16.098Z", "transaction_type": "initial_deposit", "debit": "0.00", "credit": "5000.00", "balance_after": "25000.00", "reference": "SJP2Transaction ID 3"}}, {"model": "ledger.systemaccountstatement", "pk": 6, "fields": {"account": 1, "date": "2026-04-26T20:49:16.209Z", "transaction_type": "MEMBER_INITIAL_DEPOSIT", "debit": "0.00", "credit": "5000.00", "balance_after": "30000.00", "reference": "MEMBER_INIT_DEPOSIT (3)"}}, {"model": "ledger.systemaccountstatement", "pk": 7, "fields": {"account": 1, "date": "2026-04-26T20:51:52.010Z", "transaction_type": "initial_deposit", "debit": "0.00", "credit": "5000.00", "balance_after": "35000.00", "reference": "SJP2Transaction ID 4"}}, {"model": "ledger.systemaccountstatement", "pk": 8, "fields": {"account": 1, "date": "2026-04-26T20:51:52.117Z", "transaction_type": "MEMBER_INITIAL_DEPOSIT", "debit": "0.00", "credit": "5000.00", "balance_after": "40000.00", "reference": "MEMBER_INIT_DEPOSIT (4)"}}, {"model": "ledger.systemaccountstatement", "pk": 9, "fields": {"account": 1, "date": "2026-04-26T20:52:52.304Z", "transaction_type": "initial_deposit", "debit": "0.00", "credit": "5000.00", "balance_after": "45000.00", "reference": "SJP2Transaction ID 5"}}, {"model": "ledger.systemaccountstatement", "pk": 10, "fields": {"account": 1, "date": "2026-04-26T20:52:52.426Z", "transaction_type": "MEMBER_INITIAL_DEPOSIT", "debit": "0.00", "credit": "5000.00", "balance_after": "50000.00", "reference": "MEMBER_INIT_DEPOSIT (5)"}}, {"model": "ledger.systemaccountstatement", "pk": 11, "fields": {"account": 1, "date": "2026-04-27T06:27:58.905Z", "transaction_type": "penalty_underpayment", "debit": "0.00", "credit": "200.00", "balance_after": "50200.00", "reference": "SJP2Transaction ID 6"}}, {"model": "ledger.systemaccountstatement", "pk": 12, "fields": {"account": 1, "date": "2026-04-27T06:27:59.382Z", "transaction_type": "penalty_late", "debit": "0.00", "credit": "3000.00", "balance_after": "53200.00", "reference": "SJP2Transaction ID 7"}}, {"model": "ledger.systemaccountstatement", "pk": 13, "fields": {"account": 1, "date": "2026-04-27T06:32:41.509Z", "transaction_type": "penalty_underpayment", "debit": "0.00", "credit": "400.00", "balance_after": "53600.00", "reference": "SJP2Transaction ID 8"}}, {"model": "ledger.systemaccountstatement", "pk": 14, "fields": {"account": 1, "date": "2026-04-27T06:32:41.593Z", "transaction_type": "penalty_late", "debit": "0.00", "credit": "6000.00", "balance_after": "59600.00", "reference": "SJP2Transaction ID 9"}}, {"model": "ledger.systemaccountstatement", "pk": 15, "fields": {"account": 1, "date": "2026-04-27T06:51:16.076Z", "transaction_type": "system_withdrawal", "debit": "0.00", "credit": "2000.00", "balance_after": "61600.00", "reference": "System Withdrawal:1"}}, {"model": "ledger.systemaccountstatement", "pk": 16, "fields": {"account": 1, "date": "2026-04-27T16:54:07.430Z", "transaction_type": "external_income", "debit": "0.00", "credit": "10500.00", "balance_after": "72100.00", "reference": "SJP2Transaction ID 10"}}, {"model": "ledger.systemaccountstatement", "pk": 17, "fields": {"account": 1, "date": "2026-04-27T16:54:07.450Z", "transaction_type": "external_income", "debit": "0.00", "credit": "10500.00", "balance_after": "82600.00", "reference": "SJP2:10"}}, {"model": "ledger.systemaccountstatement", "pk": 18, "fields": {"account": 1, "date": "2026-04-27T19:14:02.114Z", "transaction_type": "penalty_underpayment", "debit": "0.00", "credit": "100.00", "balance_after": "82700.00", "reference": "SJP2Transaction ID 11"}}, {"model": "ledger.systemaccountstatement", "pk": 19, "fields": {"account": 1, "date": "2026-04-27T19:14:02.187Z", "transaction_type": "penalty_late", "debit": "0.00", "credit": "4500.00", "balance_after": "87200.00", "reference": "SJP2Transaction ID 12"}}, {"model": "ledger.systemaccountstatement", "pk": 20, "fields": {"account": 1, "date": "2026-04-28T08:58:52.827Z", "transaction_type": "penalty_underpayment", "debit": "0.00", "credit": "200.00", "balance_after": "87400.00", "reference": "SJP2Transaction ID 13"}}, {"model": "ledger.systemaccountstatement", "pk": 21, "fields": {"account": 1, "date": "2026-04-28T08:58:52.946Z", "transaction_type": "penalty_late", "debit": "0.00", "credit": "4500.00", "balance_after": "91900.00", "reference": "SJP2Transaction ID 14"}}, {"model": "ledger.systemaccountstatement", "pk": 22, "fields": {"account": 1, "date": "2026-04-28T09:10:43.460Z", "transaction_type": "expense", "debit": "10500.00", "credit": "0.00", "balance_after": "81400.00", "reference": "SJP2Transaction ID 15"}}, {"model": "ledger.systemaccountstatement", "pk": 23, "fields": {"account": 1, "date": "2026-05-01T20:41:13.750Z", "transaction_type": "penalty_late_loan", "debit": "0.00", "credit": "10.00", "balance_after": "81410.00", "reference": "SJP2Transaction ID 19"}}, {"model": "ledger.systemaccountstatement", "pk": 24, "fields": {"account": 1, "date": "2026-05-02T08:14:46.751Z", "transaction_type": "penalty_late_loan", "debit": "0.00", "credit": "10.00", "balance_after": "81420.00", "reference": "SJP2Transaction ID 20"}}, {"model": "ledger.systemaccountstatement", "pk": 25, "fields": {"account": 1, "date": "2026-05-02T08:33:15.074Z", "transaction_type": "penalty_late_loan", "debit": "0.00", "credit": "10.00", "balance_after": "81430.00", "reference": "SJP2Transaction ID 21"}}, {"model": "ledger.systemaccountstatement", "pk": 27, "fields": {"account": 1, "date": "2026-05-04T09:48:15.340Z", "transaction_type": "interest_distribution", "debit": "0.00", "credit": "18000.00", "balance_after": "81430.00", "reference": "Interest distribution 2026"}}, {"model": "ledger.systemaccountstatement", "pk": 28, "fields": {"account": 1, "date": "2026-05-04T19:35:31.236Z", "transaction_type": "interest_distribution", "debit": "30000.00", "credit": "0.00", "balance_after": "51430.00", "reference": "SJP2Transaction ID 22"}}, {"model": "ledger.systemaccountstatement", "pk": 29, "fields": {"account": 1, "date": "2026-05-04T19:35:31.269Z", "transaction_type": "interest_distribution", "debit": "0.00", "credit": "30000.00", "balance_after": "81430.00", "reference": "SJP2Transaction ID 22"}}, {"model": "ledger.systemaccountstatement", "pk": 30, "fields": {"account": 1, "date": "2026-05-05T07:06:01.283Z", "transaction_type": "interest_distribution", "debit": "15000.00", "credit": "0.00", "balance_after": "66430.00", "reference": "SJP2Transaction ID 23"}}, {"model": "ledger.systemaccountstatement", "pk": 31, "fields": {"account": 1, "date": "2026-05-05T07:35:32.805Z", "transaction_type": "expense", "debit": "10200.00", "credit": "0.00", "balance_after": "56230.00", "reference": "SJP2Transaction ID 24"}}, {"model": "ledger.systemaccountstatement", "pk": 32, "fields": {"account": 1, "date": "2026-05-05T08:04:01.311Z", "transaction_type": "interest_distribution", "debit": "20000.00", "credit": "0.00", "balance_after": "36230.00", "reference": "SJP2Transaction ID 25"}}, {"model": "ledger.systemaccountstatement", "pk": 33, "fields": {"account": 1, "date": "2026-05-05T08:42:09.136Z", "transaction_type": "interest_distribution", "debit": "17500.00", "credit": "0.00", "balance_after": "18730.00", "reference": "SJP2Transaction ID 26"}}, {"model": "ledger.systemaccountstatement", "pk": 34, "fields": {"account": 1, "date": "2026-05-05T08:49:54.838Z", "transaction_type": "external_income", "debit": "0.00", "credit": "120000.00", "balance_after": "138730.00", "reference": "SJP2Transaction ID 27"}}, {"model": "ledger.systemaccountstatement", "pk": 35, "fields": {"account": 1, "date": "2026-05-05T08:49:54.845Z", "transaction_type": "external_income", "debit": "0.00", "credit": "120000.00", "balance_after": "258730.00", "reference": "SJP2:27"}}, {"model": "ledger.systemaccountstatement", "pk": 36, "fields": {"account": 1, "date": "2026-05-05T11:32:55.542Z", "transaction_type": "interest_distribution", "debit": "36000.00", "credit": "0.00", "balance_after": "222730.00", "reference": "SJP2Transaction ID 28"}}]
